Study,Link (Use DOI or Title if missing),Title,Disease,AlphaDirection,BetaSeparation,KeyTaxa_Enriched,KeyTaxa_Depleted,TaxaExtractionSource,Tags,Notes,InGoldStandard
LiZhang2020,https://pubmed.ncbi.nlm.nih.gov/33312718/,Dysbiosis characteristics of gut microbiota in cerebral infarction patients,Stroke,No Difference,No,"Proteobacteria, Actinobacteria, Lactobacillus, Lactococcus, Escherichia, Shigella, Streptococcus, Collinsella, Dorea","Firmicutes, Bacteroidetes, Faecalibacterium, Subdoligranulum, Eubacterium rectale, Roseburia, Lachnoclostridium, Butyricicoccus",Main Text,,,Yes
DongLin2021,https://doi.org/10.3389/fcimb.2021.723840,Gut Microbiota and Fecal Metabolites Associated With Neurocognitive Impairment in HIV-Infected Population,Cognitive Impairment,No Difference,No,"Klebsiella, Prevotellaceae_Ga6A1","Coprococcus_2, Treponema_2, Rikenellaceae_RC9",Supplementary File fallback (Top 5),confounding disease,taxa from Supp TableS4,No
HuangWei2024,https://doi.org/10.4103/1673-5374.385846,Hemorrhagic transformation in patients with large-artery atherosclerotic stroke is associated with the gut microbiota and lipopolysaccharide,Stroke,Decrease,Yes,"Streptococcus, Fusicatenibacter, Pectobacterium, Lactobacillus_salivarius, Klebsiella","Ruminococcaceae, Acidobacteriota, Faecalibacterium, Clostridiales",Main Text,gradient/subtypes,,No
BorghiBorgo2017,https://doi.org/10.3390/ijms18020344,Rett Syndrome: A Focus on Gut Microbiota,Rett syndrome,No Difference,No,"Bacteroidaceae, Bacteroides, Clostridium",None,Main Text,,referenced Figure 5 to find p values for taxa mentioned in txt,No
FengCui2023,https://doi.org/10.1007/s40120-023-00477-6,The Alterations of Gut Microbiome and Lipid Metabolism in Patients with Spinal Muscular Atrophy,Spinal Muscular Atrophy (SMA),No Difference,No,"Gordonibacter, Ruminiclostridium, Enorma, Lawsonella,
Frisingicoccus, Anaerofilum",None,Main Text,,,No
DangZhang2021,https://doi.org/10.1155/2021/1469339,Distinctive Gut Microbiota Alteration Is Associated with Poststroke Functional Recovery: Results from a Prospective Cohort Study,Stroke,Increase,Yes,"Enterococcaceae, Lachnospiraceae, Enterobacteriaceae, Helicobacteraceae, Lachnoclostridium, Flavonifractor, Lactobacillus, Enterococcus, Enterobacter, Fusobacterium, Veillonella, Megamonas, and Escherichia","Neisseriaceae, Porphyromonadaceae, Flavobacteriaceae, Weeksellaceae, Cardiobacteriaceae, Pasteurellaceae, Blautia, Faecalibacterium, Roseburia, Fusicatenibacter, Prevotella, Ruminococcus, and Neisseria",Main Text,,LDA score> 3.5,Yes
WangMa2023,https://doi.org/10.3389/fmicb.2023.1091167,"Comparison of the effects of probiotics, rifaximin, and lactulose in the treatment of minimal hepatic encephalopathy and gut microbiota",Encephalopathy,No Difference,Yes,"Pediococcus, Selenomonas, Anaerosinus, Lactobacillus, Pseudomonas, Bifidobacterium",Barnesiella,Main Text,intervention,,No
TonomuraHattori2025,https://doi.org/10.1253/circj.cj-24-0872,Oral Pathobiont Streptococcus Anginosus Is Enriched in the Gut of Stroke Patients and Predicts 2-Year Cardiovascular Outcome,Stroke,Decrease,Not reported,Streptococcus,None,Main Text,,,No
GuoNiLi2022,https://www.frontiersin.org/articles/10.3389/fcimb.2022.827129/full,Integrated Traditional Chinese Medicine Improves Functional Outcome in Acute Ischemic Stroke: From Clinic to Mechanism Exploration With Gut Microbiota,Stroke,,Yes,"Coprococcus (p < 0.05, ITCM ↑ vs WM ↓, positively correlated with NIHSS and fire-heat score reduction); Dorea (p < 0.05, ITCM ↑ vs WM ↓, positively correlated with clinical improvement); Blautia, Streptococcus, Bifidobacterium, Lactobacillus (SCFA producers upregulated after ITCM in both enterotypes)","Clostridium (p < 0.05, negatively correlated with NIHSS improvement); Parabacteroides (p < 0.05, negatively correlated with fire-heat score improvement); Phascolarctobacterium (p < 0.05, negatively correlated with clinical recovery); Bacteroides (p < 0.05, LPS producer reduced after ITCM vs increased after WM).",Main Text,intervention,,No
MaXie2024,https://doi.org/10.1080/1028415X.2023.2242121,The gut microbial signatures of patients with lacunar cerebral infarction,Stroke,No Difference,Yes,"Streptococcus, Lactobacillus",Agathobacter,Main Text,,,Yes
CaoLv2025,https://doi.org/10.2147/ndt.s513364,Altered Gut Microbiota and Plasma Metabolome Profiles Characterize Depression Individuals with Ischemic Stroke: A Comparative Analysis,Stroke,No Difference,No,"Enterobacteriaceae, Alloprevotella,","Acidaminococcaceae, Roseburia, Fusicatenibacter",Main Text,confounding disease,,No
CuiXu2023,https://doi.org/10.1111/cns.14271,Changes of gut microbiota in patients at different phases of stroke,Stroke,No Difference,No,Lactobacillaceae,"Butyricimona, Peptostreptococaceae, Romboutsia",Main Text,gradient/subtypes,,No
WangBing2024,https://doi.org/10.1128/spectrum.01178-24,Gut microbiota dysbiosis and neurological function recovery after intracerebral hemorrhage: an analysis of clinical samples,Stroke,,Yes,None,None,Main Text,,"The study does not compare the combined ICH group to the control for alpha diversity and taxa enrichment/depletion. Instead, they compare specific time points to each other and to the control.",No
YongLee2023,https://doi.org/10.1038/s41598-023-27586-4,Altered gut microbiota in individuals with episodic and chronic migraine,Other,No Difference,No,"Tissierellales, Tissierellia, Peptoniphilaceae",None,Main Text,,,No
YanZheng2025,https://doi.org/10.1007/s11011-025-01549-2,Altered gut microbiome and serum metabolome profiles associated with essential tremor,Other,No Difference,Yes,Acholeplasmatales_bacterium,"Prevotella_copri, Phocaeicola_vulgatus, Bacteroides_ovatus, Phocaeicola_dorei, Bacteroides_fragilis, Bacteroides_xylanisolvens, Bacteroides_sp._4_3_47FAA, Bacteroides_sp._3_1_40A, and Phocaeicola_coprocola",Main Text,,,Yes
LouOuyang2024,https://doi.org/10.3389/fcimb.2023.1257317,Gut microbiota as predictors of the occurrence of high on-treatment platelet reactivity in acute ischemic stroke patients,Stroke,No Difference,Yes,"Parabacteroides, Streptococcus","Blautia, Lachnoclostridium",Main Text,intervention,,No
LaskeMueller2022,https://doi.org/10.3389/fnins.2022.792996,Signature of Alzheimer's Disease in Intestinal Microbiome: Results From the AlzBiom Study,Alzheimer’s disease (AD),Not Reported,Not reported,None,None,Main Text,,This paper does not explicitly state alpha or beta diversity and does not list significance for taxa,No
LiHan2022,https://doi.org/10.3389/fmolb.2022.865788,Intestinal flora induces depression by mediating the dysregulation of cerebral cortex gene expression and regulating the metabolism of stroke patients,Stroke,,Yes,g_Erysipelotrichaceae UCG-003,None,Main Text,confounding disease,,No
CaoHuang2025,https://doi.org/10.1177/17562864251319870,Crosstalk between the gut microbiota and brain network topology in poststroke aphasia patients: perspectives from neuroimaging findings,Stroke,Decrease,Yes,"g_Bifidobacterium, p_Actinobacteria, c_Actinobacteria",None,Main Text,gradient/subtypes,,No
KhedrAli2021,https://doi.org/10.1186/s41983-021-00407-z,Gut microbiota in Parkinson's disease patients: hospital-based study,Parkinson’s disease (PD),Not Reported,Not reported,"Clostridium cluster IV, Akkermansia, Bifidobacterium, and lactic acid bacteria",Firmicutes,Main Text,,,Yes
XiangLou2020,https://doi.org/10.3389/fcimb.2020.587284,Gut Microbiotic Features Aiding the Diagnosis of Acute Ischemic Stroke,Stroke,,,"Actinobacteria, Verrucomicrobia, Synergistetes, Proteobacteria",Firmicutes,Main Text,gradient/subtypes,Did not test alpha and beta diversity between subgroups as a whole and healthy controls,No
LiuMen2023,https://doi.org/10.1186/s40168-023-01638-3,Gut microbes exacerbate systemic inflammation and behavior disorders in neurologic disease CADASIL,Other,No Difference,No,"Porphyromonas, Akkermansia, Eubacterium siraeum, Akkermansia muciniphila, Fusobacterium varium, Megasphaera elsdenii, Clostridium aldenense, Bacteroides sp. OM05-12, Streptococcus sp. A12","Sutterella, Roseburia faecis, Eubacterium eligens, Sutterella parvirubra",Main Text,,,Yes
TotzeckRamakrishnan2021,https://doi.org/10.1177/17562864211035657,Gut bacterial microbiota in patients with myasthenia gravis: results from the MYBIOM study,Other,Decrease,Not reported,None,None,Main Text,,Only tested differentially abundant genera between disease subtypes,No
ChenWu2025,https://doi.org/10.3389/fmicb.2025.1580231,Alterations in gut microbiota and metabolomic profiles in acute stroke: insights into brain-gut axis dysregulation,Stroke,Increase,Yes,"Firmicutes, Barnesiella, Faecalibacterium, Agathobacter","Bacteroides, Escherichia-Shigella",Main Text,,,Yes
LiuFan2023,https://doi.org/10.1016/j.msard.2023.104619,Gut microbiota dysbiosis associated with different types of demyelinating optic neuritis in patients,Other,Decrease,Yes,"Blautia, Escherichia-Shigella, Ruminococcus","Bacteroides, Faecalibacterium, Roseburia, Parabacteroides, Romboutsia, Lachnospiraceae ND3007 group, Alistipes",Main Text,,,Yes
LuoChang2024,https://doi.org/10.1016/j.heliyon.2024.e26651,"Unveiling the negative association of Faecalibacterium prausnitzii with ischemic stroke severity, impaired prognosis and pro-inflammatory markers",Stroke,No Difference,Yes,"All AIS patients combined: Bacteroides, Enterococcus faecium; Non-minor stroke: Parabacteroids, Akkermansia, Christensenellaceae_R-7_group, Bacteroides dorei, Akkermansia muciniphila, Bacteroides caccae; 3-month poor prognosis: Enterococcus","All AIS patients combined: Clostridia, Lachnospirales, Lachnospiraceae, Ruminococcaceae, Faecalibacterium, Faecalibacterium prausnitzii; Non-minor stroke: Faecalibacterium, Blautia, Agathobacter, Subdoligranulum, Faecalibacterium prausnitzii; 3-month poor prognosis: Faecalibacterium, Blautia",Main Text,,,Yes
HeLi2024,https://doi.org/10.3389/fmicb.2024.1432958,The impact of dysbiosis in oropharyngeal and gut microbiota on systemic inflammatory response and short-term prognosis in acute ischemic stroke with preceding infection,Stroke,Differing B/w Subgroups,Differing B/w Subgroups,"Both AIS and AIS-PI vs. HC (gut): Firmicutes; Both AIS and AIS-PI vs. HC (oropharyngeal): Bacteroidetes; AIS-PI (gut): Megamonas, Lactobacillus mucosae, Megasphaera, Megasphaera elsdenii, Dialister, Micrococcales, Micrococcaceae, Rothia, Streptococcaceae, Streptococcus, Streptococcus mutans, Ruminococcaceae UCG 004, Sellimonas, Sellimonas intestinalis, Eggerthellaceae, Eggerthella, Eggerthella sp., Paeniclostridium, Mogibacterium; AIS (gut): Campylobacter hominis ATCC BAA, Bacteroides coprocola; AIS-PI (oropharyngeal): Streptococcaceae, Corynebacteriaceae, Rothia, Deinococcus Thermus, Deinococci, Thermales, Thermaceae, Thermus, Thermus scotoductus SA, uncultured Veillonella sp., Mycoplasma","Both AIS and AIS-PI vs. HC (gut): Bacteroidetes, Eisenbergiella, bacterium NLAE, Fusicatenibacter, Ruminococcaceae, Faecalibacterium, Bacteroides massiliensis; AIS (oropharyngeal): Proteobacteria; AIS-PI (oropharyngeal): Leptotrichiaceae, Leptotrichia, uncultured_Leptotrichia_sp., Oribacterium sinus",Main Text,confounding disease,,No
YukawaMutoKamiya2022,https://doi.org/10.1002/hep4.1954,Distinct responsiveness to rifaximin in patients with hepatic encephalopathy depends on functional gut microbial species,Encephalopathy,Decrease,Yes,"Streptococcus, Streptococcus salivarius, Lactobacillus, Bifidobacterium, Veillonella",None,Main Text,intervention,,No
LiChen2025,https://doi.org/10.1128/msystems.01492-24,Hypercoagulable state and gut microbiota dysbiosis as predictors of poor functional outcomes in acute ischemic stroke patients,Stroke,Increase,Yes,"Parabacteroides, Oscillospira, Morganella, Megasphaera, Alistipes, Dialister","Prevotella, Roseburia, Faecalibacterium, Blautia, Coprococcus",Main Text,,,Yes
WuJiang2025,https://doi.org/10.2147/NDT.S507156,Potential Inflammatory Biomarkers and Differential Gut Microbiota in Cognitive Impairment After Ischemic Stroke,Stroke,Not Reported,Not reported,None,None,Main Text,gradient/subtypes,"Only reported microbial differences between post-stroke patients without cognitive impairment (PSWCI) and PSCI patients, no comparisons to HC group",No
HuaFeng2022,https://doi.org/10.1097/MD.0000000000029935,Changes in intestinal microbiota of HBV-associated liver cirrhosis with/without hepatic encephalopathy,Encephalopathy,Not Reported,Not reported,"Pasteurellaceae, Haemophilus, Selenomonas, Veillonella, Pasteurellales, Ruminococcus torques, Veillonella dispar, Veillonella parvula","Lachnospiraceae, Adlercreutzia, Blautia, Coprococcus, Dorea, Turicibacterales, Blautia producta, Clostridium clostridioforme, Collinsella stercoris, Enterococcus casseliflavus, Anaerofustis, Finegoldia",Main Text,confounding disease,"Also made comparisons of relative abundance between HC and HBV-LC as a group, but I only listed comparisons between HC and HE subgroup",No
ZhangWang2022,https://doi.org/10.3389/fnmol.2022.922399,"Combination effect between gut microbiota and traditional potentially modifiable risk factors for first-ever ischemic stroke in Tujia, Miao and Han populations in China",Stroke,Not Reported,Yes,"All IS combined: Bacilli, Gammaproteobacteria, Lactobacillaceae, Streptococcaceae, Enterobacteriaceae; Tujia only: Bacilli, Gammaproteobacteria, Actinobacteria, Rubrobacteria, Coriobacteria, Lactobacillaceae, Streptococcaceae, Enterobacteriaceae; Miao only: Bacilli, Lactobacillaceae, Streptococcaceae; Han only: Bacilli, Gammaproteobacteria, Enterococcaceae, Lactobacillaceae, Enterococcaceae, Enterobacteriaceae","All IS combined: Clostridia, Lachnospiraceae, Ruminococcaceae; Tujia only: Clostridia, Ruminococcaceae; Han only: Clostridia, Ruminococcaceae",Main Text,,,Yes
ZhaLiu2025,https://doi.org/10.1016/j.cmet.2024.10.006,Microbiota-derived lysophosphatidylcholine alleviates Alzheimer's disease pathology via suppressing ferroptosis.,Alzheimer’s disease (AD),Not Reported,Not reported,Firmicutes,"Bacteroidetes, Bacteroides, Bacteroides ovatus",Main Text,,,Yes
FerreiroChoi2023,https://doi.org/10.1126/scitranslmed.abo2984,Gut microbiome composition may be an indicator of preclinical Alzheimer's disease.,Alzheimer’s disease (AD),No Difference,Yes,"Dorea formicigenerans, Oscillibacter sp. 57_20, Faecalibacterium prausnitzii, Coprococcus catus, Anaerostipes hadrus, Ruminococcus lactaris, Methanobrevibacter smithii",Methanosphaera stadtmanae,Main Text,,,Yes
VogtKerby2017,https://doi.org/10.1038/s41598-017-13601-y,Gut microbiome alterations in Alzheimer's disease.,"Alzheimer’s disease (AD), Dementia",Decrease,Yes,"Bacteroidetes, Gemellaceae, Blautia, Phascolarctobacterium, Gemella, Bacteroidaceae, Rikenellaceae, Bacteroides, Alistipes, Bilophila","Firmicutes, Actinobacteria, Ruminococcaceae, Turicibacteraceae, Peptostreptococcaceae, Clostridiaceae, Mogibacteriaceae, SMB53 (family Clostridiaceae), Dialister, Clostridium, Turicibacter, cc115 (family Erysipelotrichaceae), Bifidobacteriaceae, Bifidobacterium, Adlercreutzia",Main Text,,,Yes
GrabruckerMarizzoni2023,https://doi.org/10.1093/brain/awad303,Microbiota from Alzheimer's patients induce deficits in cognition and hippocampal neurogenesis.,Alzheimer’s disease (AD),No Difference,No,"Bacteroidetes, Desulfovibrio","Firmicutes, Verruocomicrobiota, Clostridium sensu stricto 1, Coprococcus",Main Text,,,Yes
YoonGerdes2025,https://doi.org/10.1073/pnas.2419689122,Multiple sclerosis and gut microbiota: Lachnospiraceae from the ileum of MS twins trigger MS-like disease in germfree transgenic mice-An unbiased functional study.,Multiple sclerosis (MS),No Difference,No,"Alistipes ihumii, Copromonas, Acutalibacter, Anaerotruncus massiliensis, Eisenbergiella tayi, Anaerotruncus colihominis","Dialister succinatiphilus, Prevotella buccae",Main Text,,,Yes
ZhuangShen2018,https://doi.org/10.3233/JAD-180176,Gut Microbiota is Altered in Patients with Alzheimer’s Disease,"Alzheimer’s disease (AD), Amyotrophic lateral sclerosis (ALS), Parkinson’s disease (PD)",Not Reported,Not reported,Actinobacteria (p<0.05); Bacilli (p<0.05); Lactobacillales (p<0.05); Ruminococcaceae (p<0.05); Enterococcaceae (p<0.05); Lactobacillaceae (p<0.05); Subdoligranulum (p<0.05).,Bacteroidetes (p=0.039); Bacteroidia (p<0.05); Negativicutes (p<0.05); Bacteroidales (p<0.05); Selenomonadales (p<0.05); Lachnospiraceae (p<0.05); Bacteroidaceae (p<0.05); Veillonellaceae (p<0.05); Lachnoclostridium (p<0.05),Main Text,,,Yes
,https://doi.org/10.1016/j.cell.2022.08.021,Gut microbiome of multiple sclerosis patients and paired household healthy controls reveal associations with disease risk and course.,Multiple sclerosis (MS),No Difference,Yes,"Akkermansia muciniphila, Parabacteroides merdae CAG:48, Ruminococcus torques, Ruthenibacterium lactatiformans, Hungatella hathewayi, Eisenbergiella tayi",Faecalibacterium prausnitzii,Main Text,,"Mention decrease in Blautia species in main text, but only specifically named/identified in figures",Yes
ScheperjansAho2015,https://doi.org/10.1002/mds.26069,Gut microbiota are related to Parkinson's disease and clinical phenotype.,Parkinson’s disease (PD),No Difference,Yes,"Lactobacillaceae, Verrucomicrobiaceae, Bradyrhizobiaceae","Prevotellaceae, Clostridiales Incertae Sedis IV",Main Text,,,Yes
WangWang2025,https://doi.org/10.1186/s40168-024-02001-w,Akkermansia muciniphila and its metabolite propionic acid maintains neuronal mitochondrial division and autophagy homeostasis during Alzheimer's disease pathologic process via GPR41 and GPR43.,Alzheimer’s disease (AD),Decrease,Yes,Proteobacteria,Akkermansia muciniphila,Main Text,,,Yes
BlacherBashiardes2019,https://doi.org/10.1038/s41586-019-1443-5,Potential roles of gut microbiome and metabolites in modulating ALS in mice.,Amyotrophic lateral sclerosis (ALS),Not Reported,Yes,None,None,Main Text,,"Identified ""five bacterial species reaching near-significance for the ALS microbiome (q < 0.1),"" but unsure from supp figure which ones they are ",No
UedaShinkai2021,https://doi.org/10.1016/j.xcrm.2021.100398,Identification of Faecalibacterium prausnitzii strains for gut microbiome-based intervention in Alzheimer's-type dementia.,"Alzheimer’s disease (AD), Dementia",No Difference,Yes,MCI: Prevotella,"MCI: Faecalibacterium, Faecalibacterium prausnitzii, Ruminococcaceae genus unclassified, Anaerostipes, Ruminococcus_C, CAG-41; AD: Eubacterium_I",Main Text,gradient/subtypes,,No
HillBurnsDebelius2017,https://doi.org/10.1002/mds.26942,Parkinson's disease and Parkinson's disease medications have distinct signatures of the gut microbiome.,Parkinson’s disease (PD),Not Reported,Yes,"Akkermansia, Lactobacillus, Bifidobacterium",Lachnospiraceae,Main Text,,,Yes
JiaKe2025,https://doi.org/10.1038/s41380-025-02973-7,Metagenomic analysis characterizes stage-specific gut microbiota in Alzheimer's disease.,Alzheimer’s disease (AD),No Difference,No,"AD: Alistipes, Bacteroides, Prevotella spp.; MCI: Bacteroides",AD: Streptococcus spp.; MCI: Streptococcus spp.,Main Text,gradient/subtypes,Included comparisons from external PD fecal metagenomic dataset,No
HuangChau2023,https://pubmed.ncbi.nlm.nih.gov/37130861/,"Gut microbiome dysbiosis across early Parkinson's disease, REM sleep behavior disorder and their first-degree relatives.",Parkinson’s disease (PD),No Difference,Yes,"Clostridia_UCG-014, Akkermansia, Collinsella","Roseburia, Faecalibacterium, Butyricicoccus",Figure/Table fallback (Top 5),confounding disease,,No
LiHe2019,https://pubmed.ncbi.nlm.nih.gov/31434623/,Mild cognitive impairment has similar alterations as Alzheimer's disease in gut microbiota.,"Alzheimer’s disease (AD), Dementia",No Difference,Yes,"Lactobacillus, Akkermansia, Dorea, Bifidobacterium, Streptococcus, Acinetobacter, and Blautia","Parabacteroides, Alistipes, Bacteroides, Alloprevotella, Haemophilus, Paraprevotella, Succinivibrio, Sutterella, Prevotella, Barnesiella, and Butyricimonas",Main Text,gradient/subtypes,,No
CekanaviciuteYoo2017,https://pubmed.ncbi.nlm.nih.gov/28893978/,Gut bacteria from multiple sclerosis patients modulate human T cells and exacerbate symptoms in mouse models.,Multiple sclerosis (MS),No Difference,No,"Acinetobacter, Varibaculum, Corynebacterium, Bifidobacterium, Megamonas, Megasphaera, Klebsiella, Actinomyces, Mogibacterium, Akkermansia, SMB53, Bulleidia, ph2","[Prevotella], Serratia, Bacillus, Acidaminococcus, Clostridium, Aquamonas, Parabacteroides, Phascolarctobacterium",Supplementary File fallback (Top 5),,,No
SchwerdtfegerMontini2025,https://pubmed.ncbi.nlm.nih.gov/40185103/,Gut microbiota and metabolites are linked to disease progression in multiple sclerosis.,Multiple sclerosis (MS),No Difference,No,"Bacteroides, Alistipes, Bacteroides","Streptococcus, Eubacterium_hallii_group, Butyricicoccus, uncultured (Eggerthellaceae)",Figure/Table fallback (Top 5),gradient/subtypes,not really a proper control group here,No
ZhaoZhou2025,https://pubmed.ncbi.nlm.nih.gov/39893498/,Multi-omics analyses identify gut microbiota-fecal metabolites-brain-cognition pathways in the Alzheimer's disease continuum.,Alzheimer’s disease (AD),No Difference,Yes,"Sphingomonas, Staphylococcus, Stenotrophomonas, Massilia, Variovorax, Bacillus, Bosea, Dyella","Limosilactobacillus, Anaerostipes",Supplementary File fallback (Top 5),gradient/subtypes,"hard to interpret the ""DA"" results",No
AhoHouser2021,https://pubmed.ncbi.nlm.nih.gov/33557896/,"Relationships of gut microbiota, short-chain fatty acids, inflammation, and the gut barrier in Parkinson's disease.",Parkinson’s disease (PD),Not Reported,Not reported,N/A,N/A,Main Text,,"this one is weird because it doesn't directly compare disease to control, but rather correlates against other variables",No
GhimireLehman2025,https://pubmed.ncbi.nlm.nih.gov/40030030/,Specific microbial ratio in the gut microbiome is associated with multiple sclerosis.,Multiple sclerosis (MS),No Difference,Yes,"Mediterraneibacter, Collinsella, [Ruminococcus] torques, Ruminococcus sp. Marseille-P328, Dorea sp. CAG:317, Blautia sp. CAG:257, [Ruminococcus] gnavus, Lachnoclostridium, Eggerthella lenta, Ruminococcaceae bacterium cv2, Eggerthella","Faecalibacterium, Faecalibacterium prausnitzii, Prevotella, Prevotella copri, Bifidobacterium adolescentis, Ruminococcus callidus, Streptococcus equinus, Faecalibacterium sp. CAG:74_58_120",Figure/Table fallback (Top 5),,,No
CattaneoCattane2017,https://pubmed.ncbi.nlm.nih.gov/27776263/,Association of brain amyloidosis with pro-inflammatory gut bacterial taxa and peripheral inflammation markers in cognitively impaired elderly.,Alzheimer’s disease (AD),Not Reported,Not reported,Escherichia/Shigella,"Bacteroides fragilis, Eubacterium rectale",Figure/Table fallback (Top 5),gradient/subtypes,"no microbiome profiling, direct primers for specific bacteria",No
ChenChen2022,https://pubmed.ncbi.nlm.nih.gov/34996879/,Association of Fecal and Plasma Levels of Short-Chain Fatty Acids With Gut Microbiota and Clinical Severity in Patients With Parkinson Disease.,Parkinson’s disease (PD),Increase,Yes,N/A,N/A,Main Text,,"no obvious DA, only taxa correlations with SCFA",No
NagpalNeth2019,https://pubmed.ncbi.nlm.nih.gov/31477562/,Modified Mediterranean-ketogenic diet modulates gut microbiome and short-chain fatty acids in association with Alzheimer's disease markers in subjects with mild cognitive impairment.,Alzheimer’s disease (AD),No Difference,Not reported,"Fimicutes, Proteobacteria, Tenericutes","Bacteroidetes, Verrucomicrobia",Main Text,intervention,,No
ClasenYildirim2025,https://pubmed.ncbi.nlm.nih.gov/40420833/,Microbiome signatures of virulence in the oral-gut-brain axis influence Parkinson's disease and cognitive decline pathophysiology.,"Parkinson’s disease (PD), Dementia",Decrease,Not reported,,,Main Text,gradient/subtypes,"beta not reported for PD vs HC, only gut vs oral which is obviously significant",No
IvakhniukIvakhniuk2021,https://pubmed.ncbi.nlm.nih.gov/34103438/,INTESTINAL MICROBIOTA IN ALZHEIMER'S DISEASE.,Alzheimer’s disease (AD),,,,,Main Text,,,No
SterlinLarsen2021,https://pubmed.ncbi.nlm.nih.gov/33975914/,Perturbed Microbiota/Immune Homeostasis in Multiple Sclerosis.,Multiple sclerosis (MS),,,,,Main Text,,,No
KangKhatib2025,https://pubmed.ncbi.nlm.nih.gov/40604345/,Gut microbiome compositional and functional features associate with Alzheimer's disease pathology.,"Alzheimer’s disease (AD), Dementia",,,,,Main Text,,,No
ZhangShen2023,https://pubmed.ncbi.nlm.nih.gov/37604976/,Transmission of Alzheimer's disease-associated microbiota dysbiosis and its impact on cognitive function: evidence from mice and patients.,"Alzheimer’s disease (AD), Dementia",Increase,Not reported,,,Main Text,,,No
BrennerHiergeist2018,https://pubmed.ncbi.nlm.nih.gov/29065369/,The fecal microbiome of ALS patients.,Amyotrophic lateral sclerosis (ALS),,,,,Main Text,,,No
ParkKang2024,https://pubmed.ncbi.nlm.nih.gov/39218360/,Difference in gut microbial dysbiotic patterns between body-first and brain-first Parkinson's disease.,Parkinson’s disease (PD),,,,,Main Text,gradient/subtypes;confounding disease,,No
FanLin2025,https://pubmed.ncbi.nlm.nih.gov/40448221/,Compositional and functional gut microbiota alterations in mild cognitive impairment: links to Alzheimer's disease pathology.,"Alzheimer’s disease (AD), Dementia",,,,,Main Text,,,No
MetcalfeRoachCirstea2024,https://pubmed.ncbi.nlm.nih.gov/39192744/,Metagenomic Analysis Reveals Large-Scale Disruptions of the Gut Microbiome in Parkinson's Disease.,Parkinson’s disease (PD),,,,,Main Text,,,No
SchwerdtfegerMontini2025,https://pubmed.ncbi.nlm.nih.gov/40344717/,Faecal mucoprotein MUC2 is decreased in multiple sclerosis and is associated with mucin degrading bacteria.,"Amyotrophic lateral sclerosis (ALS), Parkinson’s disease (PD)",,,,,Main Text,,,No
ThirionSellebjerg2023,https://pubmed.ncbi.nlm.nih.gov/36604748/,The gut microbiota in multiple sclerosis varies with disease activity.,Multiple sclerosis (MS),Not Reported,Yes,"Dysosmobacter, Flavonifractor, Lawsonibacter, Hungatella, Bilophila, Gordonibacter, Anaerobutyricum, Pseudoflavonifractor, Blautia, Anaerotruncus, Erysipelatoclostridium, Ruminococcus, Selimonas, Coprobacillus, Clostridium","Haemophilus, Veillonella, Victivallis, Bifidobacterium, Streptococcus",Main Text,,,Yes
TrociHaas2025,https://pubmed.ncbi.nlm.nih.gov/40938657/,Differences in intestinal microbiota in Parkinson's disease and isolated REM sleep behavior disorder.,Parkinson’s disease (PD),No Difference,Yes,"Bacteroides, Citrobacter, Acidaminococcus, Lachnospiraceae (iRBD vs HC), Escherichia/Shigella (PD vs. HC)","Clostridium Cluster IV, Prevotella, Faecalibacterium (PD vs HC),",Main Text,confounding disease,,No
HensenThiele2025,https://pubmed.ncbi.nlm.nih.gov/40995781/,Metabolic modeling links gut microbiota to metabolic markers of Parkinson's disease.,Parkinson’s disease (PD),,,,,Main Text,,,No
LiLu2022,https://pubmed.ncbi.nlm.nih.gov/34695538/,"Oral, Nasal, and Gut Microbiota in Parkinson's Disease.",Parkinson’s disease (PD),,,,,Main Text,,,No
ChenZeng2023,https://pubmed.ncbi.nlm.nih.gov/38661357/,Correlation between APOE4 gene and gut microbiota in Alzheimer's disease.,Alzheimer’s disease (AD),,,,,Main Text,,,No
BolliriFontana2022,https://pubmed.ncbi.nlm.nih.gov/35852145/,Gut Microbiota in Monozygotic Twins Discordant for Parkinson's Disease.,Parkinson’s disease (PD),,,,,Main Text,,,No
ZhangPaul2022,https://doi.org/10.3233/JPD-223500,Parkinson’s Disease and the Gut Microbiome in Rural California,Parkinson’s disease (PD),Decrease,Yes,Proteobacteria (p=0.0007); Verrucomicrobiota (p=0.0078); Actinobacteriota (p=0.0135; NS after constipation adjustment); UBA1819 (p<0.0001); DTU089 (p=0.0078); Akkermansia (p=0.0213); Enterococcus (p=0.0252); Hungatella (p=0.0312),,Main Text,,,No
MarizzoniMombelli2026,https://pubmed.ncbi.nlm.nih.gov/41093142/,Microbiota-gut-brain axis dysregulation in Alzheimer's disease and its modulation through probiotic supplementation.,Alzheimer’s disease (AD),,,,,Main Text,intervention,,No
DengLi2024,https://pubmed.ncbi.nlm.nih.gov/38908272/,Association between environmental phthalates exposure and gut microbiota and metabolome in dementia with Lewy bodies.,Dementia,,,,,Main Text,,,No
WangLi2022,https://doi.org/10.3233/JAD-220076,Intestinal Microflora Changes in Patients with Mild Alzheimer’s Disease in a Chinese Cohort,Alzheimer’s disease (AD),No Difference,Yes,Akkermansia (LEfSe LDA>2; p<0.01); Bifidobacterium (Metastats FDR p<0.05); Bacteroides (Metastats FDR p<0.05); Fusobacterium (Metastats FDR p<0.05); Anaerotruncus (Metastats FDR p<0.05); Clostridium (Metastats FDR p<0.05); Coprobacillus (Metastats FDR p<0.05); Enterobacter (Metastats FDR p<0.05); Robiginitalea (Metastats FDR p<0.05); Moryella (Metastats FDR p<0.05); Sutterella (Metastats FDR p<0.05); Pyramidobacter (Metastats FDR p<0.05),Anaerostipes (Metastats FDR p<0.05); Mitsuokella (Metastats FDR p<0.05); Prevotella (Metastats FDR p<0.05); Bosea (Metastats FDR p<0.05); Lachnobacterium (Metastats FDR p<0.05); Aeromicrobium (Metastats FDR p<0.05); Coprococcus (Metastats FDR p<0.05); Tsukamurella (Metastats FDR p<0.05); Ruminococcus (Metastats FDR p<0.05); Megamonas (Metastats FDR p<0.05); Comamonas (Metastats FDR p<0.05); Fimbriimonas (Metastats FDR p<0.05); Faecalibacterium (Metastats FDR p<0.05); Labrys (Metastats FDR p<0.05).,Main Text,,,Yes
DuruLecomte2024,https://pubmed.ncbi.nlm.nih.gov/39143178/,Metagenome-assembled microbial genomes from Parkinson's disease fecal samples.,Parkinson’s disease (PD),,,,,Main Text,,,No
KaurKumari2025,https://pubmed.ncbi.nlm.nih.gov/40720918/,Gut dysbiosis influences the pathophysiology of multiple sclerosis: A case-control study from North India.,Multiple sclerosis (MS),,,,,Main Text,,,No
GuptaJanda2025,https://pubmed.ncbi.nlm.nih.gov/39819054/,Alterations in Gut Microbiome-Host Relationships After Immune Perturbation in Patients With Multiple Sclerosis.,Multiple sclerosis (MS),,,,,Main Text,,,No
NakaharaNakane2023,https://pubmed.ncbi.nlm.nih.gov/36750613/,Gut microbiota of Parkinson's disease in an appendectomy cohort: a preliminary study.,Parkinson’s disease (PD),,,,,Main Text,gradient/subtypes,,No
PalaciosWilkinson2023,https://pubmed.ncbi.nlm.nih.gov/37314861/,Metagenomics of the Gut Microbiome in Parkinson's Disease: Prodromal Changes.,Parkinson’s disease (PD),,,,,Main Text,gradient/subtypes,,No
ZhangYuan2023,https://pubmed.ncbi.nlm.nih.gov/36420886/,Changes in the intestinal microbiota of patients with Parkinson's disease and their clinical significance.,Parkinson’s disease (PD),,,,,Main Text,,,No
BarichellaSevergnini2019,https://pubmed.ncbi.nlm.nih.gov/30576008/,Unraveling gut microbiota in Parkinson's disease and atypical parkinsonism.,"Multiple system atrophy (MSA), Parkinson’s disease (PD)",,,,,Main Text,gradient/subtypes,,No
PetrovSaltykova2017,https://pubmed.ncbi.nlm.nih.gov/28429209/,Analysis of Gut Microbiota in Patients with Parkinson's Disease.,Parkinson’s disease (PD),,,,,Main Text,,,No
HertzbergSingh2022,https://pubmed.ncbi.nlm.nih.gov/33818222/,Gut microbiome differences between amyotrophic lateral sclerosis patients and spouse controls.,Amyotrophic lateral sclerosis (ALS),,,,,Main Text,,,No
KaiyrlykyzyKozhakhmetov2022,https://pubmed.ncbi.nlm.nih.gov/36068280/,Study of gut microbiota alterations in Alzheimer's dementia patients from Kazakhstan.,"Alzheimer’s disease (AD), Dementia",,,,,Main Text,,,No
KeshavarzianGreen2015,https://pubmed.ncbi.nlm.nih.gov/26179554/,Colonic bacterial composition in Parkinson's disease.,Parkinson’s disease (PD),,,,,Main Text,,,No
KhedrOmeran2022,https://doi.org/10.3233/JAD-220176,Alteration of Gut Microbiota in Alzheimer’s Disease and Their Relation to the Cognitive Impairment,Alzheimer’s disease (AD),Not Reported,Not reported,"Akkermansia (AD>Ctrl, qPCR p<0.05); Enterobacteria (p<0.05); Bacteroidetes (p<0.05); Bacillus cereus (p<0.05); Prevotella (p<0.05); Clostridium cluster IV (p<0.05)",Bifidobacterium spp. (p<0.05); Firmicutes (p<0.05); Actinobacteria (p<0.05).,Main Text,,,Yes
HopfnerKünstner2017,https://pubmed.ncbi.nlm.nih.gov/28506555/,Gut microbiota in Parkinson disease in a northern German cohort.,Parkinson’s disease (PD),,,,,Main Text,,,No
NuzumSzymlekGay2023,https://pubmed.ncbi.nlm.nih.gov/37150399/,Differences in the gut microbiome across typical ageing and in Parkinson's disease.,Parkinson’s disease (PD),,,,,Main Text,,,No
QianBao2025,https://pubmed.ncbi.nlm.nih.gov/38850348/,Multi-omics Analysis Reveals Key Gut Microbiota and Metabolites Closely Associated with Huntington's Disease.,Huntington’s disease (HD),,,,,Main Text,,,No
LuYang2022,,Gut Microbiota and Targeted Biomarkers Analysis in Patients With Cognitive Impairment,Other,,,,,Main Text,,,No
RowinXia2017,https://pubmed.ncbi.nlm.nih.gov/28947596/,Gut inflammation and dysbiosis in human motor neuron disease.,Amyotrophic lateral sclerosis (ALS),,,,,Main Text,,,No
YanYang2021,https://pubmed.ncbi.nlm.nih.gov/34530073/,Alterations of gut microbiota and metabolome with Parkinson's disease.,Parkinson’s disease (PD),,,,,Main Text,,,No
LinZheng2018,https://pubmed.ncbi.nlm.nih.gov/29776865/,Gut microbiota in patients with Parkinson's disease in southern China.,Parkinson’s disease (PD),,,,,Main Text,,,No
OzaydinAksunErdogan2024,https://doi.org/10.55730/1300-0144.5825,Is gut microbiota of patients with ALS different from that of healthy individuals?,Amyotrophic lateral sclerosis (ALS),No Difference,Not reported,Atopobiaceae; Actinomycetaceae; Erysipelatoclostridiaceae; Peptococcaceae; Bacilli; Coriobacteriia; Actinomycetales; Coriobacteriales; Actinomyces; Prevotella; Bacteroides; Succinivibrio; Faecalibacterium,Succinivibrionaceae; Lachnospiraceae,Main Text,,,Yes
NavarroLópezMéndezMiralles2022,https://pubmed.ncbi.nlm.nih.gov/35627315/,Gut Microbiota as a Potential Predictive Biomarker in Relapsing-Remitting Multiple Sclerosis.,Multiple sclerosis (MS),,,,,Main Text,,,No
NicholsonBjornevik2021,https://pubmed.ncbi.nlm.nih.gov/33135936/,The human gut microbiota in people with amyotrophic lateral sclerosis.,Amyotrophic lateral sclerosis (ALS),,,,,Main Text,,,No
LeeJo2025,https://doi.org/10.1186/s40168-025-02095-w,Distinct gut microbiome characteristics and dynamics in patients with Parkinson’s disease based on the presence of premotor rapid-eye movement sleep behavior disorders,Parkinson’s disease (PD),Not Reported,Yes,Akkermansia (p=4.41e-02); Barnesiella (p=1.31e-02); Eisenbergiella (p=7.07e-04); Desulfovibrio (p=7.33e-03); Hungatella (p=4.42e-04); Erysipelatoclostridium (p=1.51e-02); Leuconostoc (p=7.19e-04),Prevotella (p=3.15e-02); Faecalibacterium (p=5.74e-04); Agathobaculum (p=2.97e-04); RBD−: ↑ Coprobacter (p=7.86e-04),Main Text,gradient/subtypes;confounding disease,,No
YoonKang2024,https://pubmed.ncbi.nlm.nih.gov/37711026/,Dietary quality and the gut microbiome in early-stage Parkinson's disease patients.,Parkinson’s disease (PD),,,,,Main Text,,,No
MehannaAbuRaya2023,https://pubmed.ncbi.nlm.nih.gov/37481569/,Study of the gut microbiome in Egyptian patients with Parkinson's Disease.,Parkinson’s disease (PD),,,,,Main Text,,,No
ElsayedValenzuela2023,https://pubmed.ncbi.nlm.nih.gov/37758833/,Genetic risk score in multiple sclerosis is associated with unique gut microbiome.,Multiple sclerosis (MS),,,,,Main Text,,,No
HosseinkhaniChevalier2025,https://pubmed.ncbi.nlm.nih.gov/41164885/,Plasma and feces multiomics unveil cognition-associated perturbations of chronic inflammatory pathways of the gut-microbiota-brain axis.,Dementia,,,,,Main Text,gradient/subtypes,,No
CantarelWaubant2015,https://pubmed.ncbi.nlm.nih.gov/25775034/,Gut microbiota in multiple sclerosis: possible influence of immunomodulators.,Multiple sclerosis (MS),,,,,Main Text,intervention,,No
DuDong2020,https://pubmed.ncbi.nlm.nih.gov/33679692/,Altered Gut Microbiota Related to Inflammatory Responses in Patients With Huntington's Disease.,Huntington’s disease (HD),,,,,Main Text,,,No
TrociZimmermann2022,https://pubmed.ncbi.nlm.nih.gov/35260584/,B-cell-depletion reverses dysbiosis of the microbiome in multiple sclerosis patients.,Multiple sclerosis (MS),,,,,Main Text,intervention,,No
LuoChen2022,,"Gut microbiota composition reflects disease progression, severity and outcome, and dysfunctional immune responses in patients with hypertensive intracerebral hemorrhage",Stroke,,,,,Main Text,,,No
DuZhang2024,https://pubmed.ncbi.nlm.nih.gov/38561921/,Idiopathic Rapid Eye Movement Sleep Behavior Disorder (iRBD) Shares Similar Fecal Short-Chain Fatty Acid Alterations with Multiple System Atrophy (MSA) and Parkinson's Disease (PD).,"Multiple system atrophy (MSA), Parkinson’s disease (PD)",,,,,Main Text,,,No
RomoVaqueroFernándezVillalba2022,https://pubmed.ncbi.nlm.nih.gov/35611932/,Urolithins: potential biomarkers of gut dysbiosis and disease stage in Parkinson's patients.,Parkinson’s disease (PD),,,,,Main Text,,,No
WanapaisanChuansangeam2022,https://pubmed.ncbi.nlm.nih.gov/36070704/,Association between Gut Microbiota with Mild Cognitive Impairment and Alzheimer's Disease in a Thai Population.,"Alzheimer’s disease (AD), Dementia",,,,,Main Text,,,No
Rustvan2025,https://pubmed.ncbi.nlm.nih.gov/40318838/,Association between the relative abundance of butyrate-producing and mucin-degrading taxa and Parkinson's disease.,Parkinson’s disease (PD),,,,,Main Text,,,No
BabacanKayacan2023,https://pubmed.ncbi.nlm.nih.gov/36719617/,Altered gut microbiota in patients with idiopathic Parkinson's disease: an age-sex matched case-control study.,Parkinson’s disease (PD),No Difference,Not reported,Lactobacillaceae and Akkermansiaceae; Lactobacillus,"Coriobacteriales; Lachnospiraceae ND3007 group, Tyzzerella, Fusicatenibacter, Eubacterium hallii group, and Ruminococcus gauvreauii group",Main Text,,,Yes
QianYang2020,https://pubmed.ncbi.nlm.nih.gov/32844199/,Gut metagenomics-derived genes as potential biomarkers of Parkinson's disease.,Parkinson’s disease (PD),Increase,Yes,Phyla Synergistetes and Verrucomicrobia,,Main Text,,,No
LiLiu2025,https://pubmed.ncbi.nlm.nih.gov/40340433/,Alterations of fecal microbiota and plasma metabolome in patients with Parkinson's disease with rapid eye movement sleep disorder.,Parkinson’s disease (PD),No Difference,Yes,Christensenellales,,Main Text,gradient/subtypes;confounding disease,"Also includes Idiopathic RBD patients; authors list many significant differences in the main text, but no directionality",No
ZhouWang2021,https://pubmed.ncbi.nlm.nih.gov/33814442/,Gut Microbiota Changes and Their Correlation with Cognitive and Neuropsychiatric Symptoms in Alzheimer's Disease.,"Alzheimer’s disease (AD), Dementia",Decrease,Yes,"Genus Bifidobacterium (p = 0.031) and species Actinomyces viscosus (p = 0.007) from Actinobacteria, genus Sphingomonas (p = 0.022), Bilophila (p = 0.004), and Neorhizobium (p = 0.027) all from Proteobacteria, and genus Flavobacterium (p = 0.015), Moheibacter (p = 0.019), Lactobacillus (p = 0.005), Weissella (p = 0.025), Blautia (p = 0.047), Clostridium_XlVa (p = 0.032), and Solobacterium (p = 0.005)","genus Odoribacter (p = 0.008), Eubacterium (p = 0.006), Anaerobacterium (p < 0.001), and Papillibacter (p < 0.001)",Main Text,,,Yes
TanChong2021,https://pubmed.ncbi.nlm.nih.gov/33274480/,Gut Microbial Ecosystem in Parkinson Disease: New Clinicobiological Insights from Multi-Omics.,Parkinson’s disease (PD),No Difference,Yes,"Bacteroides fragilis, Lactobacillus acidophilus, unclassified Megasphaera, and unclassified Gammaproteobacteria. Five genera were significantly increased in PD (Cloacibacillus, Catabacter, Christensenella, Butyrivibrio, and Bifidobacterium)",,Main Text,,,No
HaranBhattarai2019,https://pubmed.ncbi.nlm.nih.gov/31064831/,Alzheimer's Disease Microbiome Is Associated with Dysregulation of the Anti-Inflammatory P-Glycoprotein Pathway.,"Alzheimer’s disease (AD), Dementia",Not Reported,Yes,"AD: Bacteroides spp. (P = 0.031), Alistipes spp. (P < 0.001), Odoribacter spp. (P < 0.001), and Barnesiella spp. (P = 0.023), other dementias: Odoribacter spp. (P = 0.025) and Barnesiella spp. (P = 0.024)","AD: Lachnoclostridium spp. (P = 0.048) , other dementias: Eubacterium spp. (P < 0.001), Roseburia spp. (P = 0.034), Lachnoclostridium spp. (P = 0.048), and Collinsella spp. (P < 0.001)",Main Text,gradient/subtypes,,No
PietrucciCerroni2019,https://pubmed.ncbi.nlm.nih.gov/31174953/,Dysbiosis of gut microbiota in a selected population of Parkinson's patients.,Parkinson’s disease (PD),No Difference,Yes,"Lactobacillaceae, Enterobacteriaceae and Enterococcaceae families",Lachnospiraceae,Main Text,,,Yes
LwereMuwonge2025,https://pubmed.ncbi.nlm.nih.gov/40258729/,Characterization of the gut microbiome in Alzheimer disease and mild cognitive impairment among older adults in Uganda: A case-control study.,Alzheimer’s disease (AD),Decrease,Not reported,Obesumbacterium (P = .00468),"Acidobacteria and Firmicutes; Ochrobactrum (P = 7e−07), Mesorhizobium (P = 8e−05), and Streptococcus (P = .00021)",Main Text,,"This paper doesn't report statistics correctly, or sometimes at all.",No
TeigenMcCarter2024,https://pubmed.ncbi.nlm.nih.gov/39426329/,Taxonomic intestinal microbiota differences in Lewy body spectrum disease and cohabitant controls.,Other,No Difference,Yes,,"Lachnospiraceae, Faecalibacterium, and Alistipes",Main Text,,Lewy body disease,No
VacarasMuresanu2023,The role of multiple sclerosis therapies on the dynamic of human gut microbiota - PubMed,The role of multiple sclerosis therapies on the dynamic of human gut microbiota.,Multiple sclerosis (MS),No Difference,No,"Lentisphaerae phylum (p = 0.005), Prevotella stercorea species (p = 0.02) ,","Actinobacteria phylum (p = 0.01), with its species Bifidobacterium (p = 0.01) and Bifidobacterium adolescentis (p = 0.007), also decreased level of Bacteroides coprophilus (p = 0.02) (from Bacteroidetes phylum). Firmicutes phylum has reduced relative abundance of Faecalibacterium prausnitzii (p = 0.03), Lachnospiraceae (p = 0.01), Staphylococcus hominis (p = 0.02) and Staphylococcus bacterium (p = 0.02). Proteobacteria phylum has a decreased in Haemophilus (p = 0.04) and Escherichia coli (p = 0.04).",Main Text,intervention,,No
GuoPeng2021,https://pubmed.ncbi.nlm.nih.gov/33523001/,Gut Microbiome Features of Chinese Patients Newly Diagnosed with Alzheimer's Disease or Mild Cognitive Impairment,Alzheimer’s disease (AD),,Yes,Prevotella_9; Prevotella_9 (uncultured bacterium); Eubacterium eligens group (MCI),Bacteroides; Lachnospira; Ruminiclostridium_9; Bacteroides fragilis,Main Text,,,Yes
LiWu2017,https://pubmed.ncbi.nlm.nih.gov/28536926/,Structural changes of gut microbiota in Parkinson's disease and its correlation with clinical features.,Parkinson’s disease (PD),No Difference,Not reported,"Acidaminococcus, Acinetobacter, Enterococcus, Escherichia-Shigella, Megamonas,
Megasphaera, Proteus, Streptococcus","Blautia, Faecalibacterium, Ruminococcus",Main Text,,,Yes
QianYang2018,https://pubmed.ncbi.nlm.nih.gov/29501802/,Alteration of the fecal microbiota in Chinese patients with Parkinson's disease.,Parkinson’s disease (PD),Increase,Yes,"Alistipes, Paraprevotella, Klebesiella, Sphingomonas, Acinetobacter, Aquabacterium, Desulfovibrio, Clostridium IV, Lachnospiracea incertae sedis, Butyricicoccus, Clostridium XVIII and Nitrososphaera",Lactobacillus and Sediminibacterium,Main Text,,,Yes
ChenXu2022,https://www.frontiersin.org/articles/10.3389/fcimb.2022.942460/full,A comparison of the composition and functions of the oral and gut microbiotas in Alzheimer’s patients,"Alzheimer’s disease (AD), Dementia",,Yes,Streptococcus (moderate AD>NC; p<0.05; human oral); Veillonella (moderate AD>NC; p<0.05; human oral); Leptotrichia (mild & moderate AD>NC; p=0.002; human oral); Enterobacteriaceae/Escherichia_Shigella (moderate AD>NC; p<0.05; human fecal); Verrucomicrobia/Akkermansia (moderate AD>NC; p<0.05; human fecal); Actinobacteria/Bifidobacterium (mild & moderate AD>NC; p<0.05; human fecal),Aggregatibacter (moderate AD<NC; p<0.05; human oral); Lautropia (moderate AD<NC; p<0.05; human oral). GUT—↓ Erysipelotrichia/Erysipelotrichales (moderate AD<NC; p<0.05; human fecal); Acidaminococcaceae/Phascolarctobacterium (moderate AD<NC; p<0.05; human fecal); Clostridium_IV (moderate AD<NC; p<0.05; human fecal); Bacteroidaceae/Bacteroides & Parabacteroides (moderate AD<NC; p<0.05; human fecal),Main Text,gradient/subtypes,,No
LubomskiXu2022,https://pubmed.ncbi.nlm.nih.gov/34128115/,The impact of device-assisted therapies on the gut microbiome in Parkinson's disease.,Parkinson’s disease (PD),No Difference,Yes,,,Main Text,intervention,"DA between disease and HC was not tested, only between two different treatment regimen.",No
ZengShen2020,https://pubmed.ncbi.nlm.nih.gov/32747678/,The alteration of gut microbiome and metabolism in amyotrophic lateral sclerosis patients.,Amyotrophic lateral sclerosis (ALS),Increase,Yes,"Bacteroidetes (42.23 vs. 26.46%, P = 0.0045) at the phylum level, as well as Kineothrix (0.0021 vs. 0%, P = 0.009), Parabacteroides (0.32 vs. 0.01%, P = 0.011), Odoribacter (2.61 vs. 1.87%, P = 0.0156), Sporobacter (0.12 vs. 0.02%, P = 0.0137), Eisenbergiella (0.21% vs. 0.07%, P = 0.0289), Mannheimia (0.12 vs. 0.02%, P = 0.0439), Anaerotruncus (0.03 vs. 0.02%, P = 0.0417) and unclassified Porphyromonadaceae (0.0097 vs. 0.0072%, P = 0.01)","Firmicutes (45.29 vs. 59.75%, P = 0.0248) at the phylum level and Megamonas (1.48 vs. 7.54%, P = 0.0335)",Main Text,,Weighted and unweighted ANOSIM showed different result.,Yes
AhoPereira2019,https://pubmed.ncbi.nlm.nih.gov/31221587/,Gut microbiota in Parkinson's disease: Temporal stability and relations to disease progression.,Parkinson’s disease (PD),No Difference,Yes,,,Main Text,,3 different DA methods were used and compared. Main text did not indicate the directionality of DA between PD and HC.,No
DuWang2025,https://pubmed.ncbi.nlm.nih.gov/40717466/,Effect of Probiotics Supplementation on REM Sleep Behavior Disorder and Motor Symptoms in Parkinson's Disease: A Pilot Study.,Parkinson’s disease (PD),No Difference,No,"p_Actinobacteriota and c_Negativicutes, Gordonibacter and Peptoniphilus coxii, Bacillus sp._SB47, Streptococcus_mutans_U2B, and Lactobacillus_casei","Lactococcus, Comamonas, and Enterococcus, Enterococcus_faecium, Comamonas_kerstersii, and Ruminococcaceae_bacterium GD-1",Main Text,intervention,,No
KozhievaNaumova2019,https://pubmed.ncbi.nlm.nih.gov/31888483/,Primary progressive multiple sclerosis in a Russian cohort: relationship with gut bacterial diversity.,Multiple sclerosis (MS),No Difference,Not reported,"Verrucomicrobiae, Deltaproteobacteria",Clostridia,Main Text,,,Yes
ChenChia2016,https://pubmed.ncbi.nlm.nih.gov/27346372/,Multiple sclerosis patients have a distinct gut microbiota compared to healthy controls.,Multiple sclerosis (MS),No Difference,Yes,"Pseudomonas (Proteobactreia), Pedobacter (Bacteroidetes), Blautia (Firmicutes), Dorea (Firmicutes), and Mycoplana (Proteobactreia)","Adlercreutzia (Actinobacteria), Collinsella (Actinobacteria), Lactobacillus (Firmicutes) and Parabacteroides (Bacteriodetes)",Main Text,,,Yes
LinLin2025,https://pubmed.ncbi.nlm.nih.gov/40606636/,Anxiety-related gut microbiota alterations in Parkinson's disease: distinct associations compared to healthy individuals.,Parkinson’s disease (PD),No Difference,Differing B/w Subgroups,"PD-Anxious: Ruminococcaceae, Bacteroides intestinalis",PD-Anxious: Escherichia-Shigella,Main Text,gradient/subtypes;confounding disease,,No
MazziniMogna2018,https://pubmed.ncbi.nlm.nih.gov/29782468/,Potential Role of Gut Microbiota in ALS Pathogenesis and Possible Novel Therapeutic Strategies.,Amyotrophic lateral sclerosis (ALS),,,,,Main Text,intervention,"This is a presentation abstract, not a paper.",No
ZhangYue2020,https://pubmed.ncbi.nlm.nih.gov/33099131/,Altered gut microbiota in Parkinson's disease patients/healthy spouses and its association with clinical features.,Parkinson’s disease (PD),Decrease,Yes,,,Main Text,,,No
ZhangMa2022,https://pubmed.ncbi.nlm.nih.gov/35599486/,Crosstalk Between Gut Microflora and Vitamin D Receptor SNPs Are Associated with the Risk of Amnestic Mild Cognitive Impairment in a Chinese Elderly Population.,Alzheimer’s disease (AD),No Difference,No,,,Main Text,,,No
LinChen2019,https://pubmed.ncbi.nlm.nih.gov/31248424/,Altered gut microbiota and inflammatory cytokine responses in patients with Parkinson's disease.,Parkinson’s disease (PD),,,"Parabacteroides, Verrucomicrobia, Akkermansia, Veillonella, Odoribacter, Mucispirillum, Bilophila, Enterococcus, Lactobacillus",Prevotella,Main Text,,,Yes
NiTong2025,https://pubmed.ncbi.nlm.nih.gov/39134825/,Gut Microbiota-Induced Modulation of the Central Nervous System Function in Parkinson's Disease Through the Gut-Brain Axis and Short-Chain Fatty Acids.,Parkinson’s disease (PD),Increase,Yes,"Clostridiales, bacteroidales",Enterobacterales,Main Text,,,Yes
YildirimNalbantoglu2022,https://pmc.ncbi.nlm.nih.gov/articles/PMC8823292/,Stratification of the Gut Microbiota Composition Landscape across the Alzheimer's Disease Continuum in a Turkish Cohort,"Alzheimer’s disease (AD), Dementia",Increase,Yes,Bacteroides; Escherichia-Shigella; Enterococcus; Klebsiella; Akkermansia,,Main Text,,,No
BaldiniHertel2020,https://doi.org/10.1186/s12915-020-00775-7,Parkinson’s disease-associated alterations of the gut microbiome predict disease-relevant changes in metabolic functions,Parkinson’s disease (PD),No Difference,Yes,Anaerotruncus colihominis (FDR<0.05); Christensenella minuta (FDR<0.05); Lactobacillus (FDR<0.05); Streptococcus (FDR<0.05); Akkermansia muciniphila (FDR<0.05); Bilophila (FDR<0.05); Ruminococcus bromii (FDR<0.05); Ruminococcus torques (FDR<0.05); Roseburia intestinalis (FDR<0.05),Turicibacter sanguinis (FDR<0.05),Main Text,,,Yes
XiDing2021,https://pubmed.ncbi.nlm.nih.gov/34384375/,Disturbed microbial ecology in Alzheimer's disease: evidence from the gut microbiota and fecal metabolome.,Alzheimer’s disease (AD),No Difference,Yes,"Agathobacter,  unclassified_f_Lach- nospiraceae, Eubacterium_ventriosum_group, Lachnospiraceae_NC2004, Lachnospiraceae_NC2004, Faecalibacterium,   Ruminococca- ceae_UCG-007, Alloprevotella, Atopobium, Parvimonas, Cloacibacillus, Solobacterium, Pseudomonas","Tyzzerella, Erysipelatoclostridium",Main Text,,,Yes
SepúlvedaRiveraOlivieriHenry2025,https://pubmed.ncbi.nlm.nih.gov/40764790/,Gut microbiota distinguishes aging hispanics with Alzheimer's disease: associations with cognitive impairment and severity.,Alzheimer’s disease (AD),No Difference,No,,,Main Text,,,No
MertsalmiAho2017,https://pubmed.ncbi.nlm.nih.gov/28891262/,More than constipation - bowel symptoms in Parkinson's disease and their connection to gut microbiota.,Parkinson’s disease (PD),Not Reported,Not reported,,,Main Text,,,No
DelGrassini2020,https://pubmed.ncbi.nlm.nih.gov/33085540/,The impact of intestinal microbiota on weight loss in Parkinson's disease patients: a pilot study.,Parkinson’s disease (PD),,,,,Main Text,,,No
YuWan2024,https://pubmed.ncbi.nlm.nih.gov/38529601/,Disruptions of Gut Microbiota are Associated with Cognitive Deficit of Preclinical Alzheimer's Disease: A Cross-Sectional Study.,"Alzheimer’s disease (AD), Dementia",,,,,Main Text,,,No
VilletteNovikova2025,https://pubmed.ncbi.nlm.nih.gov/40707492/,Human gut microbiome gene co-expression network reveals a loss in taxonomic and functional diversity in Parkinson's disease.,Parkinson’s disease (PD),,,,,Main Text,,,No
DiBozzi2020,https://pubmed.ncbi.nlm.nih.gov/32546239/,A prospective longitudinal study on the microbiota composition in amyotrophic lateral sclerosis.,Amyotrophic lateral sclerosis (ALS),,,,,Main Text,intervention,,No
JumaylaweeKomijani2025,https://pubmed.ncbi.nlm.nih.gov/39742897/,The interplay of gut microbiota and heavy metals in multiple sclerosis patients.,Multiple sclerosis (MS),,,,,Main Text,,,No
WuHan2021,https://pubmed.ncbi.nlm.nih.gov/33466861/,Altered Gut Microbial Metabolites in Amnestic Mild Cognitive Impairment and Alzheimer's Disease: Signals in Host-Microbe Interplay.,"Alzheimer’s disease (AD), Dementia",,,,,Main Text,,,No
PapićRački2025,https://pubmed.ncbi.nlm.nih.gov/40824914/,Microbial diversity in drug-naïve Parkinson's disease patients.,Parkinson’s disease (PD),,,,,Main Text,,,No
HerkenBang2019,https://pubmed.ncbi.nlm.nih.gov/31624178/,Normal gut microbiome in NMDA receptor encephalitis.,Other,,,,,Main Text,,,No
JeongHuang2022,https://pubmed.ncbi.nlm.nih.gov/35431236/,Cognitive Function Associated with Gut Microbial Abundance in Sucrose and S-Adenosyl-L-Methionine (SAMe) Metabolic Pathways.,"Alzheimer’s disease (AD), Dementia",,,,,Main Text,,,No
ChenChen2022,https://pubmed.ncbi.nlm.nih.gov/35342048/,Alteration of Gut Microbial Metabolites in the Systemic Circulation of Patients with Parkinson's Disease.,Parkinson’s disease (PD),,,,,Main Text,,,No
UbedaVázquezCarretero2022,https://pubmed.ncbi.nlm.nih.gov/36614151/,Fecal Volatile Organic Compounds and Microbiota Associated with the Progression of Cognitive Impairment in Alzheimer's Disease.,"Alzheimer’s disease (AD), Dementia",,,,,Main Text,,,No
ChristopherMorgan2025,https://pubmed.ncbi.nlm.nih.gov/40362907/,"Specific Bacterial Taxa and Their Metabolite, DHPS, May Be Linked to Gut Dyshomeostasis in Patients with Alzheimer's Disease, Parkinson's Disease, and Amyotrophic Lateral Sclerosis.","Amyotrophic lateral sclerosis (ALS), Alzheimer’s disease (AD), Parkinson’s disease (PD)",,,,,Main Text,,,No
LiuDuan2022,https://pmc.ncbi.nlm.nih.gov/articles/PMC9259038/,Orthopedic Surgery Causes Gut Microbiome Dysbiosis and Intestinal Barrier Dysfunction in Prodromal Alzheimer Disease Patients,Alzheimer’s disease (AD),,Yes,Bacteroidaceae; Enterobacteriaceae; Acidaminococcaceae,Butyricicoccaceae; Christensenellaceae; Butyricicoccus; Christensenellaceae_R-7_group; Lachnospiraceae; Lachnospiraceae_UCG-010; Subdoligranulum; Fusicatenibacter; Dorea; Lachnospira,Main Text,intervention,,No
SajiNiida2019,https://pubmed.ncbi.nlm.nih.gov/30700769/,Analysis of the relationship between the gut microbiome and dementia: a cross-sectional study conducted in Japan.,Dementia,,,,,Main Text,,,No
TakewakiSuda2020,https://pubmed.ncbi.nlm.nih.gov/32839304/,Alterations of the gut ecological and functional microenvironment in different stages of multiple sclerosis.,Multiple sclerosis (MS),,,,,Main Text,,,No
ShengLin2021,https://pubmed.ncbi.nlm.nih.gov/34024839/,Altered Gut Microbiota in Adults with Subjective Cognitive Decline: The SILCODE Study.,"Alzheimer’s disease (AD), Dementia",,,,,Main Text,,,No
GungorAdiguzel2016,https://pubmed.ncbi.nlm.nih.gov/26752409/,Intestinal Microbiota in Patients with Spinal Cord Injury.,"Amyotrophic lateral sclerosis (ALS), Spinal cord injury (SCI)",,,,,Main Text,,,No
HeintzBuschartPandey2018,https://pubmed.ncbi.nlm.nih.gov/28843021/,The nasal and gut microbiome in Parkinson's disease and idiopathic rapid eye movement sleep behavior disorder.,Parkinson’s disease (PD),,,,,Main Text,,,No
LiuWu2019,https://pubmed.ncbi.nlm.nih.gov/31063846/,Altered microbiomes distinguish Alzheimer's disease from amnestic mild cognitive impairment and health in a Chinese cohort.,"Alzheimer’s disease (AD), Dementia",,,,,Main Text,,,No
LiWang2019,https://pubmed.ncbi.nlm.nih.gov/31200089/,Alteration of the fecal microbiota in North-Eastern Han Chinese population with sporadic Parkinson's disease.,Parkinson’s disease (PD),,,,,Main Text,,,No
ZhaiZheng2019,https://pubmed.ncbi.nlm.nih.gov/31306225/,Intestinal microbiota composition in patients with amyotrophic lateral sclerosis: establishment of bacterial and archaeal communities analyses.,Amyotrophic lateral sclerosis (ALS),,,,,Main Text,,,No
BeckerSchmartz2022,https://pubmed.ncbi.nlm.nih.gov/34839011/,"Effects of Resistant Starch on Symptoms, Fecal Markers, and Gut Microbiota in Parkinson's Disease - The RESISTA-PD Trial.",Parkinson’s disease (PD),,,,,Main Text,intervention,,No
GongLiu2019,https://pubmed.ncbi.nlm.nih.gov/31448571/,Alterations in the human gut microbiome in anti-N-methyl-D-aspartate receptor encephalitis.,Other,,,,,Main Text,gradient/subtypes,,No
ZhuMa2022,https://pubmed.ncbi.nlm.nih.gov/36235612/,Altered Gut Microbiota and Its Clinical Relevance in Mild Cognitive Impairment and Alzheimer's Disease: Shanghai Aging Study and Shanghai Memory Study.,"Alzheimer’s disease (AD), Dementia",,,,,Main Text,,,No
KimSon2022,https://pubmed.ncbi.nlm.nih.gov/35189854/,"Gut- and oral-dysbiosis differentially impact spinal- and bulbar-onset ALS, predicting ALS severity and potentially determining the location of disease onset.",Amyotrophic lateral sclerosis (ALS),,,,,Main Text,,,No
ShengYang2022,https://pmc.ncbi.nlm.nih.gov/articles/PMC8843023/,Combination of gut microbiota and plasma amyloid-β as a potential index for identifying preclinical Alzheimer’s disease: a cross-sectional analysis from the SILCODE study,"Alzheimer’s disease (AD), Dementia",,Mixed,Bacteroidetes; Bacteroidia; Bacteroidales,Firmicutes; Clostridia; Clostridiales; Deltaproteobacteria; Desulfovibrionales; Desulfovibrionaceae; Lachnospiraceae; Faecalibacterium,Main Text,,,Yes
GoreckaMazurKrygowskaWajs2024,https://pubmed.ncbi.nlm.nih.gov/38873926/,Associations between gut microbiota characteristics and non-motor symptoms following pharmacological and surgical treatments in Parkinson's disease patients.,Parkinson’s disease (PD),,,,,Main Text,intervention,,No
ParkChevalier2025,https://pubmed.ncbi.nlm.nih.gov/40953029/,Gut microbiome signatures in iNPH: Insights from a shotgun metagenomics study.,"Alzheimer’s disease (AD), Dementia",,,,,Main Text,,,No
AshrafDikarlo2024,https://pubmed.ncbi.nlm.nih.gov/39402079/,"Mycobacterium avium subspecies paratuberculosis (MAP) infection, and its impact on gut microbiome of individuals with multiple sclerosis.",Multiple sclerosis (MS),,,,,Main Text,gradient/subtypes;confounding disease,,No
YamashiroTakabayashi2024,https://pubmed.ncbi.nlm.nih.gov/38452948/,Free water in gray matter linked to gut microbiota changes with decreased butyrate producers in Alzheimer's disease and mild cognitive impairment.,Alzheimer’s disease (AD),,,,,Main Text,,,No
UngerSpiegel2016,https://pubmed.ncbi.nlm.nih.gov/27591074/,Short chain fatty acids and gut microbiota differ between patients with Parkinson's disease and age-matched controls.,Parkinson’s disease (PD),,,,,Main Text,,,No
DuanLiu2021,https://pubmed.ncbi.nlm.nih.gov/33869072/,Preoperative Microbiomes and Intestinal Barrier Function Can Differentiate Prodromal Alzheimer's Disease From Normal Neurocognition in Elderly Patients Scheduled to Undergo Orthopedic Surgery.,Alzheimer’s disease (AD),,,,,Main Text,,,No
LvLin2025,https://pubmed.ncbi.nlm.nih.gov/40071377/,Impact of 16S rRNA on Intestinal Flora Alterations and Early Diagnosis in Early Alzheimer's Disease Patients.,Alzheimer’s disease (AD),,,,,Main Text,,,No
ZhangHuang2024,https://pubmed.ncbi.nlm.nih.gov/37307829/,Relationships Between Rapid Eye Movement Sleep Behavior Disorder and Parkinson's Disease: Indication from Gut Microbiota Alterations.,Parkinson’s disease (PD),,,,,Main Text,gradient/subtypes;confounding disease,,No
SaresellaMarventano2020,https://pubmed.ncbi.nlm.nih.gov/32733460/,Alterations in Circulating Fatty Acid Are Associated With Gut Microbiota Dysbiosis and Inflammation in Multiple Sclerosis.,Multiple sclerosis (MS),,,,,Main Text,,,No
AlshinnawyBadiea2025,https://pubmed.ncbi.nlm.nih.gov/40679698/,Decoding the Gut Microbiota in Multiple Sclerosis Using Nanopore Long-Read Sequencing: Insights into Disease Severity and Subtypes.,Multiple sclerosis (MS),,,,,Main Text,gradient/subtypes,,No
BedarfHildebrand2017,https://pubmed.ncbi.nlm.nih.gov/28449715/,Functional implications of microbial and viral gut metagenome changes in early stage L-DOPA-naïve Parkinson's disease patients.,Parkinson’s disease (PD),,,,,Main Text,,,No
ZengJunli2019,https://pubmed.ncbi.nlm.nih.gov/31108132/,Gut dysbiosis and lack of short chain fatty acids in a Chinese cohort of patients with multiple sclerosis.,Multiple sclerosis (MS),,,,,Main Text,,,No
RoutDash2025,https://pubmed.ncbi.nlm.nih.gov/39927883/,Exploring the role of acylated ghrelin and gut microbiome in delineating cognitive health in the elderly,Dementia,No Difference,Yes,Bifidobacterium longum; Lactobacillus ruminis; Blautia producta; Eggerthella lenta; Bacteroides eggerthii; Pyramidobacter piscolens; Veillonella dispar,Prevotella copri; Eubacterium biforme; Faecalibacterium prausnitzii; Blautia obeum,Main Text,,,Yes
FontdevilaPovedano2024,https://pubmed.ncbi.nlm.nih.gov/39379597/,Examining the complex Interplay between gut microbiota abundance and short-chain fatty acid production in amyotrophic lateral sclerosis patients shortly after onset of disease.,Amyotrophic lateral sclerosis (ALS),,,,,Main Text,,,No
PanLi2021,https://pubmed.ncbi.nlm.nih.gov/34869782/,Elderly Patients with Mild Cognitive Impairment Exhibit Altered Gut Microbiota Profiles.,Alzheimer’s disease (AD),,,,,Main Text,,,No
WuJiang2025,https://pubmed.ncbi.nlm.nih.gov/39904582/,Gut microbial profiles of patients with optic neuritis or myasthenia gravis.,Other,,,,,Main Text,,,No
TsaiLai2025,https://pubmed.ncbi.nlm.nih.gov/41298658/,Elevated Lactobacillus salivarius and genus Akkermansia in fecal samples of Taiwanese patients with parkinson's disease and diabetes mellitus.,Parkinson’s disease (PD),,,,,Main Text,gradient/subtypes;confounding disease,,No
HegelmaierLebbing2020,https://pubmed.ncbi.nlm.nih.gov/32041265/,Interventional Influence of the Intestinal Microbiome Through Dietary Intervention and Bowel Cleansing Might Improve Motor Symptoms in Parkinson's Disease.,Parkinson’s disease (PD),,,,,Main Text,intervention,,No
VidalMartinezChin2020,https://pubmed.ncbi.nlm.nih.gov/31561385/,"A Pilot Microbiota Study in Parkinson's Disease Patients versus Control Subjects, and Effects of FTY720 and FTY720-Mitoxy Therapies in Parkinsonian and Multiple System Atrophy Mouse Models.","Multiple system atrophy (MSA), Multiple sclerosis (MS), Parkinson’s disease (PD)",,,,,Main Text,,,No
MiyakeKim2015,https://pubmed.ncbi.nlm.nih.gov/26367776/,"Dysbiosis in the Gut Microbiota of Patients with Multiple Sclerosis, with a Striking Depletion of Species Belonging to Clostridia XIVa and IV Clusters.",Multiple sclerosis (MS),,,,,Main Text,,,No
YangJiang2025,https://pubmed.ncbi.nlm.nih.gov/40947000/,Changes in gut microbiota and plasma metabolites in Parkinson's disease patients with pain as analyzed by 16S rDNA sequencing and LC-MS.,Parkinson’s disease (PD),,,,,Main Text,gradient/subtypes,,No
BauchBaur2025,https://pubmed.ncbi.nlm.nih.gov/40429881/,Prognostic Value of a Multivariate Gut Microbiome Model for Progression from Normal Cognition to Mild Cognitive Impairment Within 4 Years.,Alzheimer’s disease (AD),,,,,Main Text,,,No
WallenDemirkan2022,https://pubmed.ncbi.nlm.nih.gov/36376318/,Metagenomics of Parkinson's disease implicates the gut microbiome in multiple disease mechanisms.,Parkinson’s disease (PD),,,,,Main Text,,,No
NgoRestuadi2020,https://pubmed.ncbi.nlm.nih.gov/32643435/,Progression and survival of patients with motor neuron disease relative to their fecal microbiota.,"Amyotrophic lateral sclerosis (ALS), Alzheimer’s disease (AD), Parkinson’s disease (PD)",,,,,Main Text,,,No
OezguenYalcinkaya2019,https://pubmed.ncbi.nlm.nih.gov/31172918/,Microbiota stratification identifies disease-specific alterations in neuro-Behçet's disease and multiple sclerosis.,Multiple sclerosis (MS),,,,,Main Text,,,No
LiaquatLe2025,https://pubmed.ncbi.nlm.nih.gov/40600491/,APOE4 genotype shapes the role of dietary fibers in cognitive health through gut microbiota changes.,"Alzheimer’s disease (AD), Spinal cord injury (SCI)",,,,,Main Text,,,No
CastilloÁlvarezPérezMatute2021,https://pubmed.ncbi.nlm.nih.gov/34537163/,The influence of interferon β-1b on gut microbiota composition in patients with multiple sclerosis.,Multiple sclerosis (MS),,,,,Main Text,intervention,,No
MekkyWani2022,https://pubmed.ncbi.nlm.nih.gov/35158462/,Molecular characterization of the gut microbiome in egyptian patients with remitting relapsing multiple sclerosis.,Multiple sclerosis (MS),,,,,Main Text,,,No
TankouRegev2018,https://pubmed.ncbi.nlm.nih.gov/29679417/,A probiotic modulates the microbiome and immunity in multiple sclerosis.,Multiple sclerosis (MS),,,,,Main Text,intervention,,No
MolesDelgado2022,https://pubmed.ncbi.nlm.nih.gov/36325343/,Microbial dysbiosis and lack of SCFA production in a Spanish cohort of patients with multiple sclerosis.,Multiple sclerosis (MS),,,,,Main Text,intervention,,No
NitzanStaunRam2023,https://pubmed.ncbi.nlm.nih.gov/37834472/,"Multiple Sclerosis-Associated Gut Microbiome in the Israeli Diverse Populations: Associations with Ethnicity, Gender, Disability Status, Vitamin D Levels, and Mediterranean Diet.",Multiple sclerosis (MS),,,,,Main Text,,,No
ReyndersDevolder2020,https://pubmed.ncbi.nlm.nih.gov/32162850/,Gut microbiome variation is associated to Multiple Sclerosis phenotypic subtypes.,Multiple sclerosis (MS),,,,,Main Text,gradient/subtypes,,No
CantoniLin2022,https://pubmed.ncbi.nlm.nih.gov/35094961/,Alterations of host-gut microbiome interactions in multiple sclerosis.,Multiple sclerosis (MS),,,,,Main Text,,,No
FengTang2025,https://pubmed.ncbi.nlm.nih.gov/39821830/,Landscapes of gut microbiome and blood metabolomic signatures in relapsing remitting multiple sclerosis.,Multiple sclerosis (MS),,,,,Main Text,gradient/subtypes,,No
VenturaIizumi2019,https://pubmed.ncbi.nlm.nih.gov/31705027/,Gut microbiome of treatment-naïve MS patients of different ethnicities early in disease course.,Multiple sclerosis (MS),,,,,Main Text,,,No
JangiGandhi2016,https://pubmed.ncbi.nlm.nih.gov/27352007/,Alterations of the human gut microbiome in multiple sclerosis.,Multiple sclerosis (MS),,,,,Main Text,,,No
KishikawaOgawa2020,https://pubmed.ncbi.nlm.nih.gov/33363050/,A Metagenome-Wide Association Study of Gut Microbiome in Patients With Multiple Sclerosis Revealed Novel Disease Pathology.,Multiple sclerosis (MS),,,,,Main Text,,,No
KongChen2023,https://pubmed.ncbi.nlm.nih.gov/37642736/,Gut microbiota and metabolome in sporadic Creutzfeldt-Jakob disease.,Other,,,,,Main Text,,,No
YangZhao2024,https://pubmed.ncbi.nlm.nih.gov/39478468/,Quantitative proteomics and multi-omics analysis identifies potential biomarkers and the underlying pathological molecular networks in Chinese patients with multiple sclerosis.,Multiple sclerosis (MS),,,,,Main Text,,,No
CreeSpencer2016,https://pubmed.ncbi.nlm.nih.gov/27398819/,Gut microbiome analysis in neuromyelitis optica reveals overabundance of Clostridium perfringens.,Multiple sclerosis (MS),,,,,Main Text,,,No
SajiTsuduki2022,https://pubmed.ncbi.nlm.nih.gov/34952361/,"Relationship between the Japanese-style diet, gut microbiota, and dementia: A cross-sectional study.",Dementia,,,,,Main Text,,,No
SajiSaito2022,https://pubmed.ncbi.nlm.nih.gov/35213381/,"Relationship Between Plasma Lipopolysaccharides, Gut Microbiota, and Dementia: A Cross-Sectional Study.",Dementia,,,,,Main Text,,,No
GongLiu2021,https://pubmed.ncbi.nlm.nih.gov/35046950/,Disturbance of Gut Bacteria and Metabolites Are Associated with Disease Severity and Predict Outcome of NMDAR Encephalitis: A Prospective Case-Control Study.,Other,,,,,Main Text,,,No
StadlbauerEngertsberger2020,https://pubmed.ncbi.nlm.nih.gov/32690030/,"Dysbiosis, gut barrier dysfunction and inflammation in dementia: a pilot study.",Dementia,,,,,Main Text,,,No
CheneyCostello2023,https://pubmed.ncbi.nlm.nih.gov/36639365/,Gut microbiome dysbiosis drives metabolic dysfunction in Familial dysautonomia.,Other,,,,,Main Text,,,No
WeiZhang2022,https://pubmed.ncbi.nlm.nih.gov/35879681/,Gut microbiome changes in anti-N-methyl-D-aspartate receptor encephalitis patients.,Other,,,,,Main Text,,,No
SajiMurotani2019,https://pubmed.ncbi.nlm.nih.gov/31852995/,The relationship between the gut microbiome and mild cognitive impairment in patients without dementia: a cross-sectional study conducted in Japan.,"Alzheimer’s disease (AD), Dementia",,,,,Main Text,,,No
ShiWang2023,https://pubmed.ncbi.nlm.nih.gov/36795141/,The alteration of intestinal mucosal α-synuclein expression and mucosal microbiota in Parkinson's disease.,Parkinson’s disease (PD),,,,,Main Text,,,No
CirsteaKliger2022,https://pubmed.ncbi.nlm.nih.gov/35275538/,The Oral and Fecal Microbiota in a Canadian Cohort of Alzheimer's Disease.,Alzheimer’s disease (AD),,,,,Main Text,,,No
DilmoreMartino2023,https://pubmed.ncbi.nlm.nih.gov/37017243/,"Effects of a ketogenic and low-fat diet on the human metabolome, microbiome, and foodome in adults at risk for Alzheimer's disease.",Alzheimer’s disease (AD),,,,,Main Text,intervention,,No
WangZhang2024,https://pubmed.ncbi.nlm.nih.gov/39213074/,Characterizing Gut Microbiota in Older Chinese Adults with Cognitive Impairment: A Cross-Sectional Study.,,Decrease,Yes,"Shigella, Acidaminococcus, Synergistes, Pyramidobacter, Alistipes, Pseudomonas, Fusobacterium, Aquabacterium, Stenotrophomonas, Sediminibacterium","Firmicutes, Proteobacteria, Bacteroides",Main Text,,,Yes
YuanTan2024,https://pubmed.ncbi.nlm.nih.gov/38151560/,Air particulate pollution exposure associated with impaired cognition via microbiota gut-brain axis: an evidence from rural elderly female in northwest China.,Dementia,,,,,Main Text,gradient/subtypes,,No
LiangFu2022,https://pmc.ncbi.nlm.nih.gov/articles/PMC9661756/,"Gut microbiome, cognitive function and brain structure: a multi-omics integration analysis","Alzheimer’s disease (AD), Dementia",,Yes,Dorea longicatena,Odoribacter; Butyricimonas; Bacteroides,Main Text,,,Yes
ZhangWang2021,https://pubmed.ncbi.nlm.nih.gov/33871591/,"Diet quality, gut microbiota, and microRNAs associated with mild cognitive impairment in middle-aged and elderly Chinese population.",Alzheimer’s disease (AD),,,,,Main Text,,,No
WeiHuang2025,https://pubmed.ncbi.nlm.nih.gov/40888486/,Role of Ruminococcus gnavus in the elderly with cognitive impairment: A case-control study and an animal experiment.,Alzheimer’s disease (AD),,,,,Main Text,,,No
ChenFan2024,https://pubmed.ncbi.nlm.nih.gov/38999809/,Association of Methyl Donor Nutrients' Dietary Intake and Cognitive Impairment in the Elderly Based on the Intestinal Microbiome.,Dementia,,,,,Main Text,,,No
KleeAho2024,https://pubmed.ncbi.nlm.nih.gov/38706292/,Education as Risk Factor of Mild Cognitive Impairment: The Link to the Gut Microbiome.,"Dementia, Parkinson’s disease (PD)",,,,,Main Text,,,No
LiuLv2024,https://pubmed.ncbi.nlm.nih.gov/38211635/,Microbiota-microglia crosstalk between Blautia producta and neuroinflammation of Parkinson's disease: A bench-to-bedside translational approach.,Parkinson’s disease (PD),,,,,Main Text,,,No
ChaudhariJain2023,https://pubmed.ncbi.nlm.nih.gov/37213047/,Unique trans-kingdom microbiome structural and functional signatures predict cognitive decline in older adults.,Dementia,,,,,Main Text,,,No
MarizzoniMirabelli2023,https://pubmed.ncbi.nlm.nih.gov/37254223/,A peripheral signature of Alzheimer's disease featuring microbiota-gut-brain axis markers.,Alzheimer’s disease (AD),,,,,Main Text,gradient/subtypes,,No
NieJing2023,https://pubmed.ncbi.nlm.nih.gov/36995383/,The link between increased Desulfovibrio and disease severity in Parkinson's disease.,Parkinson’s disease (PD),,,,,Main Text,,,No
PellizoniLeite2021,https://pubmed.ncbi.nlm.nih.gov/33925359/,Detection of Dysbiosis and Increased Intestinal Permeability in Brazilian Patients with Relapsing-Remitting Multiple Sclerosis.,Multiple sclerosis (MS),,,,,Main Text,,,No
LiZhu2023,https://pubmed.ncbi.nlm.nih.gov/36931530/,Metagenomic association analysis of cognitive impairment in community-dwelling older adults.,Dementia,,,,,Main Text,gradient/subtypes,,No
GongBa2022,https://pubmed.ncbi.nlm.nih.gov/36814376/,Gut microbiota links with cognitive impairment in amyotrophic lateral sclerosis: A multi-omics study.,Amyotrophic lateral sclerosis (ALS),,,,,Main Text,,,No
NiccolaiDi2021,https://pubmed.ncbi.nlm.nih.gov/34209688/,The Gut Microbiota-Immunity Axis in ALS: A Role in Deciphering Disease Heterogeneity?,Amyotrophic lateral sclerosis (ALS),,,,,Main Text,,,No
PavanGorthi2023,https://pubmed.ncbi.nlm.nih.gov/38229613/,Dysbiosis of the Beneficial Gut Bacteria in Patients with Parkinson's Disease from India.,Parkinson’s disease (PD),,,,,Main Text,,,No
DonaldsonFyfe2025,https://pubmed.ncbi.nlm.nih.gov/40126287/,Aging Gut-Brain Interactions: Pro-Inflammatory Gut Bacteria Are Elevated in Fecal Samples from Individuals Living with Alzheimer's Dementia.,"Alzheimer’s disease (AD), Dementia",,,,,Main Text,,,No
WanZhou2019,https://pubmed.ncbi.nlm.nih.gov/31680836/,Alterations of the Gut Microbiota in Multiple System Atrophy Patients.,Multiple system atrophy (MSA),,,,,Main Text,,,No
GalluzzoCapri2021,https://pubmed.ncbi.nlm.nih.gov/34206853/,Comparison of the Intestinal Microbiome of Italian Patients with Multiple Sclerosis and Their Household Relatives.,Multiple sclerosis (MS),,,,,Main Text,,,No
BedarfRomano2025,https://pubmed.ncbi.nlm.nih.gov/40180909/,A prebiotic dietary pilot intervention restores faecal metabolites and may be neuroprotective in Parkinson's Disease.,Parkinson’s disease (PD),,,,,Main Text,intervention,,No
StormLarsenMyhr2019,https://pubmed.ncbi.nlm.nih.gov/31798939/,Gut microbiota composition during a 12-week intervention with delayed-release dimethyl fumarate in multiple sclerosis - a pilot trial.,Multiple sclerosis (MS),,,,,Main Text,intervention,,No
FangWang2016,https://pubmed.ncbi.nlm.nih.gov/27703453/,Evaluation of the Microbial Diversity in Amyotrophic Lateral Sclerosis Using High-Throughput Sequencing.,Amyotrophic lateral sclerosis (ALS),Not Reported,Not reported,Bacteroidetes; Dorea,Firmicutes; oscillibacter; anaerostipes; lachnospiraceae,Main Text,,,Yes
RenGao2020,https://pubmed.ncbi.nlm.nih.gov/32161568/,Gut Microbiota Altered in Mild Cognitive Impairment Compared With Normal Cognition in Sporadic Parkinson's Disease.,Parkinson’s disease (PD),Increase,Yes,Blautia; Ruminococcus; Alistipes; Barnesiella; Butyricimonas; Odoribacter,Veillonella; Bacteroidetes,Main Text,gradient/subtypes,,No
ParaschivVacaras2024,https://pubmed.ncbi.nlm.nih.gov/38638559/,The effect of multiple sclerosis therapy on gut microbiota dysbiosis: a longitudinal prospective study.,Multiple sclerosis (MS),No Difference,No,Prevotella stercorea; Bacteroidales,Faecalibacterium; Bifidobacterium; Coprococcus; Lachnospiraceae,Main Text,,,Yes
LingZhu2020,https://pubmed.ncbi.nlm.nih.gov/33614635/,Structural and Functional Dysbiosis of Fecal Microbiota in Chinese Patients With Alzheimer's Disease.,Alzheimer’s disease (AD),Decrease,Not reported,,,Main Text,,,No
ZapalaStefura2021,https://doi.org/10.3390/jcm10235698,Differences in the Composition of Gut Microbiota between Patients with Parkinson’s Disease and Healthy Controls: A Cohort Study,Parkinson’s disease (PD),Increase,Yes,Parabacteroides merdae; Bacteroides massiliensis; Ruminococcus gauvreauii; Parabacteroides distasonis; Streptococcus mutans; Acidaminobacter hydrogenformans; Flavonifractor plautii; Clostridium hethewayi; Bilophila wadsworthia; Clostridium thermosuccinogenes,Eubacterium ramulus; Anaerostipes butyraticus; Megamonas funiformis; Balutia faecis; Bifidobacterium longum,Main Text,,,Yes
HerediaMateo2025,https://pubmed.ncbi.nlm.nih.gov/40612463/,Dataset on neuropsychological profile and microbiota composition in cognitively unimpaired elderly and Alzheimer's patients.,Alzheimer’s disease (AD),,,,,Main Text,,,No
VascellariPalmas2020,https://pubmed.ncbi.nlm.nih.gov/32934117/,Gut Microbiota and Metabolome Alterations Associated with Parkinson's Disease.,Parkinson’s disease (PD),,,,,Main Text,,,No
NishiwakiUeyama2022,https://pubmed.ncbi.nlm.nih.gov/36494405/,Gut microbiota in dementia with Lewy bodies.,"Dementia, Alzheimer’s disease (AD), Parkinson’s disease (PD)",,,,,Main Text,,,No
CabreraCarrión2025,https://pubmed.ncbi.nlm.nih.gov/41029837/,"Gut microbiota characterization in ageing, mild cognitive impairment, and Alzheimer's disease in the context of mediterranean lifestyle in a Spanish population.","Alzheimer’s disease (AD), Dementia",,,,,Main Text,,,No
WasserMercieca2020,https://pubmed.ncbi.nlm.nih.gov/33005892/,"Gut dysbiosis in Huntington's disease: associations among gut microbiota, cognitive performance and clinical outcomes.",Huntington’s disease (HD),,,,,Main Text,,,No
CerroniPietrucci2022,https://pubmed.ncbi.nlm.nih.gov/35741624/,Not just a Snapshot: An Italian Longitudinal Evaluation of Stability of Gut Microbiota Findings in Parkinson's Disease.,Parkinson’s disease (PD),,,,,Main Text,,,No
HouXu2021,https://pubmed.ncbi.nlm.nih.gov/33732104/,APOE-ε4 Carrier Status and Gut Microbiota Dysbiosis in Patients With Alzheimer Disease.,Alzheimer’s disease (AD),,,,,Main Text,,,No
FanLin2023,https://pubmed.ncbi.nlm.nih.gov/37346147/,Altered gut microbiota in older adults with mild cognitive impairment: a case-control study.,Alzheimer’s disease (AD),,,,,Main Text,,,No
KazenUmfleet2025,https://pubmed.ncbi.nlm.nih.gov/40563710/,Gut Microbiota and Neurovascular Patterns in Amnestic Mild Cognitive Impairment.,"Alzheimer’s disease (AD), Stroke",,,,,Main Text,,,No
JacobRout2025,https://pubmed.ncbi.nlm.nih.gov/41117133/,Gut microbiome differences in Parkinson's disease patients in Central Kerala population.,Parkinson’s disease (PD),,,,,Main Text,,,No
NeklesovaSogomonyan2025,https://pubmed.ncbi.nlm.nih.gov/40868061/,Gut Microbiome Signatures in Multiple Sclerosis: A Case-Control Study with Machine Learning and Global Data Integration.,Multiple sclerosis (MS),,,,,Main Text,,,No
JinLi2019,https://pubmed.ncbi.nlm.nih.gov/31824239/,Analysis of the Gut Microflora in Patients With Parkinson's Disease.,Parkinson’s disease (PD),,,,,Main Text,,,No
LiCui2019,https://doi.org/10.3389/fnmol.2019.00171,Gut Microbiota Differs Between Parkinson’s Disease Patients and Healthy Controls in Northeast China,Parkinson’s disease (PD),Increase,Yes,Akkermansia (q<0.05; LEfSe LDA≥4),Bacilli (q<0.05; class); Lactobacillales (q<0.05); Lactobacillaceae (q<0.05); Lactobacillus (q<0.05; LEfSe LDA≥4).,Main Text,,,Yes
WeisSchwiertz2019,https://pubmed.ncbi.nlm.nih.gov/31815177/,Effect of Parkinson's disease and related medications on the composition of the fecal bacterial microbiota.,Parkinson’s disease (PD),,,,,Main Text,intervention,,No
CosmaGrigorovMeixner2020,https://pubmed.ncbi.nlm.nih.gov/33071933/,Changes in Gastrointestinal Microbiome Composition in PD: A Pivotal Role of Covariates.,Parkinson’s disease (PD),,,,,Main Text,gradient/subtypes,,No
ChenBi2021,https://pubmed.ncbi.nlm.nih.gov/35035709/,An analysis of the characteristics of the intestinal flora in patients with Parkinson's disease complicated with constipation.,Parkinson’s disease (PD),,,,,Main Text,confounding disease,,No
CoufalZakostelska2025,https://pubmed.ncbi.nlm.nih.gov/41358150/,Ocrelizumab transiently alters microbiota and modulates immune response depending on treatment outcome.,Multiple sclerosis (MS),,,,,Main Text,intervention,,No
StaunRamVolkowich2025,https://pubmed.ncbi.nlm.nih.gov/40092554/,Immunotherapy-mediated modulation of the gut microbiota in multiple sclerosis and associations with diet and clinical response-the effect of dimethyl fumarate therapy.,Multiple sclerosis (MS),No Difference,Differing B/w Subgroups,,Lachnospiraceae; Prevotella,Main Text,intervention,"Beta diversity only differed significantly between treatment and HC, not between pre-treatment and treatment or pre-treatment and HC.",No
TrociPhilippen2024,https://doi.org/10.1093/pnasnexus/pgad427,Disease- and stage-specific alterations of the oral and fecal microbiota in Alzheimer’s disease,Alzheimer’s disease (AD),No Difference,Yes,Bacteroides (FDR < 0.05); Sutterella (FDR < 0.05); Porphyromonadaceae uncl. (FDR < 0.05); Parabacteroides; Akkermansia (FDR < 0.05); Fusobacterium; Veillonella; Actinobacillus; Neisseria (FDR < 0.05),Lachnospiraceae (FDR < 0.05); Roseburia (FDR < 0.05); Coprobacter (FDR < 0.05); Ruminococcus (FDR < 0.05). MCI > Ctrl: ↑ Bacteroides; Dialister; Butyricimonas (FDR < 0.05). Oral (AD > Ctrl): ↑ Porphyromonas; Rothia; Gemella (FDR < 0.05).,Main Text,,,Yes
RouskasMamalaki2025,https://pubmed.ncbi.nlm.nih.gov/41011443/,Gut Microbiome Alterations in Mild Cognitive Impairment: Findings from the ALBION Greek Cohort.,"Alzheimer’s disease (AD), Dementia",No Difference,No,"Candidatus Soleaferrea (q=0.027, FDR < 0.05); Hydrogenoanaerobacterium (log2FC=7.56); UBA1819 (log2FC=1.75)","Sellimonas (q=0.017, FDR < 0.05); UCG_011 (log2FC=−8.15); CAG_352 (log2FC=−5.77)",Main Text,,,Yes
HeSheng2023,https://pubmed.ncbi.nlm.nih.gov/37520126/,Alterations of gut microbiota are associated with brain structural changes in the spectrum of Alzheimer's disease: the SILCODE study in Hainan cohort.,Alzheimer’s disease (AD),No Difference,No,Rikenellaceae (LDA=3.65); Odoribacteraceae (LDA=3.06); Mediterraneibacter (LDA=3.18); Alistipes (LDA=3.65),Lachnospiraceae (LDA = 4.64); Lachnospiracea_incertae_sedis (LDA = 3.40); Fusicatenibacter (LDA = 3.29); Anaerobutyricum (LDA = 2.69),Main Text,,,Yes
ChoileáinKleinewietfeld2020,https://pubmed.ncbi.nlm.nih.gov/32743517/,CXCR3+ T cells in multiple sclerosis correlate with reduced diversity of the gut microbiome.,Multiple sclerosis (MS),Decrease,Yes,Bacteroidetes,Coprococcus; Clostridium; Ruminococcaceae,Main Text,,"Beta diversity was significantly different for unweighted UniFrac, but not for weighted UniFrac. Also, Country is undeclared as far as I can tell. Likely USA based on the authors affiliations.",Yes
SinghFestari2025,https://pubmed.ncbi.nlm.nih.gov/40144018/,Association between cognitive functioning and microbiota-gut-brain axis mediators in a memory clinic population.,"Alzheimer’s disease (AD), Dementia",Not Reported,Not reported,Bifidobacterium; Dialister; Clostridia_UCG-014 (Alzheimers CI) and Bifidobacterium; Dialister; Collinsella (Non-Alzheimers CI),Acetonema; Moryella; Blautia (Alzheimers CI) and Acetonema; Lachnospiraceae ND3007; Ruminococcus gnavus; Oscillobacter (Non-Alzheimers CI),Main Text,gradient/subtypes,,No
IlieVăcăreanTrandafir2025,https://pubmed.ncbi.nlm.nih.gov/41245833/,Exploring gut microbiota alterations in Parkinson's disease: insights from a 16S amplicon sequencing Eastern European pilot study.,Parkinson’s disease (PD),No Difference,No,Blautia; Mogibacterium; Rikenellaceae RC9,Lachnospiraceae UCG-001 (p<0.0156); Fusicatenibacter; Butyricicoccus; Anaerostipes; Erysipelotrichaceae UCG-003; Tyzzerella,Main Text,,,Yes
BoertienMurtomäki2022,https://pubmed.ncbi.nlm.nih.gov/36216843/,Fecal microbiome alterations in treatment-naive de novo Parkinson's disease.,Parkinson’s disease (PD),Increase,Yes,Rikenellaceae RC9 gut group (Netherlands),Clostridia UCG-014 (Netherlands); Roseburia (both countries); Lachnospiraceae GCA-900066575 (Finland),Main Text,,"Alpha diversity was higher in PD patients from Netherlands, but lower in PD patients from Finland, compared to healthy controls. Conflicting differential taxa between ANCOM and DESeq2 analyses.",No
YayYilmaz2024,https://pubmed.ncbi.nlm.nih.gov/38528960/,Oral and gut microbial profiling in periodontitis and Parkinson's disease.,Parkinson’s disease (PD),Differing B/w Subgroups,Differing B/w Subgroups,"Mycoplasma faucium; Tannerella forsythia, Parvimonas micra; Saccharibacteria (Parkinsons group), and Prevotella pallens; Prevotella melaninogenica; Neisseria multispecies (Parkinsons+Periodontitis group)",Rothia dentocariosa; Gamella sanguinis (Healthy controls),Main Text,gradient/subtypes;confounding disease,"Note that these oral saliva samples. Also unclear where subjects were recruited from, possibly Turkey.",No
LinLi2025,https://pubmed.ncbi.nlm.nih.gov/41404035/,Alterations in gut microbiota and plasma metabolites: a multi-omics study of mild cognitive impairment in Parkinson's disease.,Parkinson’s disease (PD),No Difference,Differing B/w Subgroups,Senegalimassilia; Eubacterium,Eggerthella; Blautia; Lachnoclostridium; Erysipelatoclostridium; Oscillospirales; Megasphaera; Lactococcus,Main Text,gradient/subtypes,,No
KimKim2024,https://pubmed.ncbi.nlm.nih.gov/38610709/,Alterations in Gut Microbiota and Their Correlation with Brain Beta-Amyloid Burden Measured by (18)F-Florbetaben PET in Mild Cognitive Impairment Due to Alzheimer's Disease.,Alzheimer’s disease (AD),Decrease,Yes,Bacilli (p=0.034); Lactobacillales (p=0.047); Anaerostipes (p=0.036),Ruminococcaceae (p=0.006); Christensenellaceae (p=0.002); Rikenellaceae (p=0.011); Barnesiellaceae (p=0.015); Faecalibacterium (p=0.014); Lachnospira (p=0.008); Oscillibacter (p=0.009); Ruminococcus (p=0.034); Roseburia (p=0.039); Sporobacter (p=0.022); Alistipes (p=0.011); Barnesiella (p=0.013); Pseudoflavonifractor (p=0.014),Main Text,,,Yes
HuWang2024,https://pubmed.ncbi.nlm.nih.gov/39512468/,Retrospective analysis of diet and gut microbiota diversity and clinical pharmacology outcomes in patients with Parkinsonism syndrome.,Parkinson’s disease (PD),Increase,Not reported,Porphyromonas; Bifidobacterium; Lactococcus; Enterobacter; Acetobacter; Oxalobacter; Lachnospira; Enterococcus; Rhodospirillum; Gemmiger; Collinsella; Butyricimonas; Alistipes; Odoribacter (all p<0.05),Mitsuokella (p<0.05),Main Text,,,Yes
ZhangHuang2022,https://pubmed.ncbi.nlm.nih.gov/35931717/,Specific gut microbiota alterations in essential tremor and its difference from Parkinson's disease.,"Other, Parkinson’s disease (PD)",Differing B/w Subgroups,Differing B/w Subgroups,,Ruminococcus; Romboutsia; Mucispirillum; Aeromonas; Helicobacter; Candidatus Arthromitus; Peptoclostridium,Main Text,,Compared Essential Tremor (ET) with PD. PD and NC results are only in supplementary. Also performed qPCR to estimate total microbial load.,No
LubomskiXu2022,https://pubmed.ncbi.nlm.nih.gov/35656540/,The Gut Microbiome in Parkinson's Disease: A Longitudinal Study of the Impacts on Disease Progression and the Use of Device-Assisted Therapies.,Parkinson’s disease (PD),Decrease,Yes,Lactobacillaceae,Butyricicoccus; Fusicatenibacter; Lachnospiraceae ND3007; Erysipelotrichaceae UCG-003,Main Text,,Used ANOVA-like differential expression (ALDEx2),Yes
HuangLi2019,https://doi.org/10.3389/fped.2019.00394,Distinct Gut Microbiota Composition and Functional Category in Children With Cerebral Palsy and Epilepsy,Epilepsy,Increase,Yes,Bifidobacterium (Wilcoxon FDR<0.001); Streptococcus (Wilcoxon FDR<0.001); Akkermansia (Wilcoxon FDR<0.001); Enterococcus (Wilcoxon FDR<0.001); Prevotella (Wilcoxon FDR<0.001); Veillonella (Wilcoxon FDR<0.001); Rothia (Wilcoxon FDR<0.001); Clostridium IV (Wilcoxon FDR<0.001),Bacteroides (Wilcoxon FDR<0.001); Faecalibacterium (Wilcoxon FDR<0.001); Blautia (Wilcoxon FDR=0.037); Ruminococcus (Wilcoxon FDR<0.001); Roseburia (Wilcoxon FDR<0.001); Anaerostipes (Wilcoxon FDR<0.001); Parasutterella (Wilcoxon FDR<0.001),Main Text,,,Yes
LinLin2025,https://pubmed.ncbi.nlm.nih.gov/40046438/,Plasma exosomal miRNA expression and gut microbiota dysbiosis are associated with cognitive impairment in Alzheimer's disease.,Alzheimer’s disease (AD),Not Reported,Not reported,Propionibacteriaceae; Peptoniphilus; Anaerococcus; Tannerella; Arachnia; Dermabacter; Burkholderia cepacia; Fusobacterium necrophorum; Blautia hydrogenotrophica; Streptococcus porcinus; Streptococcus parasuis; Actinomyces sp. oral taxon 848,Romboutsia; Faecalibacterium; Roseburia; Sarcina; Massilistercora timonensis; Lachnospiraceae bacterium GAM79; Romboutsia ilealis; Faecalibacterium prausnitzii; Roseburia inulinivorans; Roseburia intestinalis; Sarcina sp. JB2; Uncultured Erysipelotrichaceae,Main Text,,,Yes
QianYang2018,https://pubmed.ncbi.nlm.nih.gov/29881345/,Detection of Microbial 16S rRNA Gene in the Blood of Patients With Parkinson's Disease.,Parkinson’s disease (PD),No Difference,No,Myroides; Isoptericola; Microbacterium; Cloacibacterium; Enhydrobacter (LDA Score (log10) > 2; FDR 5%),Limnobacter,Main Text,,These are blood samples,No
WadopVasquez2025,https://pubmed.ncbi.nlm.nih.gov/41156809/,Differential Patterns of Gut and Oral Microbiomes in Hispanic Individuals with Cognitive Impairment.,"Alzheimer’s disease (AD), Dementia",No Difference,No,Streptococcus; Fusobacterium; Fretibacterium; Dialister; Mycoplasma (oral data); Bacteroides; Escherichia-Shigella (gut data),Neisseria (oral data); Ruminococcus; Shuttleworthia; Holdemania; Subdoligranulum; UGC-005; Eubacterium brachy (gut data),Main Text,,Oral and gut data,No
KennaChua2021,https://pubmed.ncbi.nlm.nih.gov/34776854/,Changes in the Gut Microbiome and Predicted Functional Metabolic Effects in an Australian Parkinson's Disease Cohort.,Parkinson’s disease (PD),Decrease,No,Synergistetes (q<0.001); Proteobacteria (q=0.034),Lachnospiraceae (q=0.011); Roseburia (q<0.001); Kineothrix (q=0.105); Agathobaculum (q = 0.121); Colidextribacter (q=0.105); Intestinibacter (q=0.121),Main Text,,Used Wilcoxon rank-sum tests for differential abundance,Yes
PeiLu2023,https://pubmed.ncbi.nlm.nih.gov/37350810/,Gut microbiota and intestinal barrier function in subjects with cognitive impairments: a cross-sectional study.,Alzheimer’s disease (AD),No Difference,Differing B/w Subgroups,Catenibacterium (p=0.039); Family XIII AD3011 (p=0.011); Vagococcus (p=0.032) (in AD); Alistipes; Bacteroides; Roseburia; Tyzzerella 4 (in MCI),Dorea (p<0.01); Streptococcus (p=0.015),Main Text,,,Yes
LubomskiXu2022,https://pubmed.ncbi.nlm.nih.gov/35645785/,Nutritional Intake and Gut Microbiome Composition Predict Parkinson's Disease.,Parkinson’s disease (PD),No Difference,Yes,Bifidobacterium; Butyricimonas; Candidatus Soleaferre; Faecalibacterium sp. UBA1819; Flavonifractor; Ruminococcus gnavus,Agathobacter; Butyricicoccus; Erysipelotrichaceae UCG-003; Eubacterium xylanophilum; Fusicatenibacter; Lachnospiraceae ND3007 group; Ruminococcus gauvreauii; Firmacutes bacterium CAG:56,Main Text,,Used ANOVA-like differential expression (ALDEx2),Yes
KozhakhmetovKaiyrlykyzy2024,https://pubmed.ncbi.nlm.nih.gov/39346576/,Inflammatory Manifestations Associated With Gut Dysbiosis in Alzheimer's Disease.,Alzheimer’s disease (AD),No Difference,Yes,Phyllobacterium; Lactobacillus salivarius; Bacteroidia; Coriobacteriia; Erysipelotrichia; Gemmatimonadetes; Verrucomicrobiae; Cloacibacillus; Clostridia,"Rhodospirillales; Bacteroides, Bifidobacterium breve; Monoglobus",Main Text,,,Yes
MateoCarrión2024,https://pubmed.ncbi.nlm.nih.gov/39458354/,Gut Microbiota Alterations in Alzheimer's Disease: Relation with Cognitive Impairment and Mediterranean Lifestyle.,Alzheimer’s disease (AD),,,,,Main Text,,,No
YuQiu2021,,Profile of gut microbiota in patients with traumatic thoracic spinal cord injury and its clinical implications: a case-control study in a rehabilitation setting,Spinal cord injury (SCI),,,,,Main Text,,,No
BrennerStamper2020,,Microbial Diversity and Community Structures Among Those With Moderate to Severe TBI: A United States-Veteran Microbiome Project Study,Other,,,,,Main Text,gradient/subtypes,,No
ZhangZhang2018,,Gut microbiota dysbiosis in male patients with chronic traumatic complete spinal cord injury,Spinal cord injury (SCI),,,,,Main Text,,,No
ZhangJing2019,,Dysbiosis of gut microbiota is associated with serum lipid profiles in male patients with chronic traumatic cervical spinal cord injury,Spinal cord injury (SCI),,,,,Main Text,,,No
BazzocchiTurroni2021,,Changes in gut microbiota in the acute phase after spinal cord injury correlate with severity of the lesion,Spinal cord injury (SCI),,,,,Main Text,,,No
PangWang2022,,Relationship between gut microbiota and lymphocyte subsets in Chinese Han patients with spinal cord injury,Spinal cord injury (SCI),,,,,Main Text,,,No
JoKang2022,https://pubmed.ncbi.nlm.nih.gov/35798742/,Oral and gut dysbiosis leads to functional alterations in Parkinson's disease.,Parkinson’s disease (PD),,,,,Main Text,,,No
KongZhang2023,,The gut microbiota and metabolite profiles are altered in patients with spinal cord injury,Spinal cord injury (SCI),,,,,Main Text,,,No
LinXu2020,,Alterations in the fecal microbiota of patients with spinal cord injury,Spinal cord injury (SCI),,,,,Main Text,,,No
UrbanPyles2020,,Altered Fecal Microbiome Years after Traumatic Brain Injury,Other,,,,,Main Text,,,No
JingYang2023,,Spinal cord injury-induced gut dysbiosis influences neurological recovery partly through short-chain fatty acids,Spinal cord injury (SCI),,,,,Main Text,,,No
ChenShi2024,https://doi.org/10.3389/fnagi.2024.1478557,Gut microbiota dysbiosis in patients with Alzheimer’s disease and correlation with multiple cognitive domains,Alzheimer’s disease (AD),No Difference,Yes,"Bacillus (mAD>HC; LEfSe LDA>2, p<0.05); Leuconostoc (mAD>HC; LEfSe LDA>2, p<0.05); Sellimonas (sAD>HC; LEfSe LDA>2, p<0.05).","Agathobacter (LEfSe LDA>2, p<0.05); Phascolarctobacterium (LEfSe LDA>2, p<0.05); Butyricicoccus (LEfSe LDA>2, p<0.05); Fusobacterium (LEfSe LDA>2, p<0.05); Haemophilus (LEfSe LDA>2, p<0.05); Lachnospiraceae_UCG-001 (LEfSe LDA>2, p<0.05); Parasutterella (LEfSe LDA>2, p<0.05); Lachnospiraceae_ND3007_group (LEfSe LDA>2, p<0.05); Lachnospira (LEfSe LDA>2, p<0.05); Lachnospiraceae_UCG-004 (LEfSe LDA>2, p<0.05)",Main Text,gradient/subtypes,,No
LeeKim2023,https://pubmed.ncbi.nlm.nih.gov/38020771/,Effects of the multidomain intervention with nutritional supplements on cognition and gut microbiome in early symptomatic Alzheimer's disease: a randomized controlled trial.,"Alzheimer’s disease (AD), Dementia",,,,,Main Text,intervention,,No
LiuCheng2025,https://pubmed.ncbi.nlm.nih.gov/40880853/,Altered gut microbial networks and metabolic pathways in multiple system atrophy: a comparative 16S rRNA study.,"Multiple system atrophy (MSA), Parkinson’s disease (PD)",,,,,Main Text,,,No
HaakWestendorp2021,,Disruptions of Anaerobic Gut Bacteria Are Associated with Stroke and Post-stroke Infection: a Prospective Case-Control Study,Stroke,,,,,Main Text,,,No
PylesMiller2024,,The altered TBI fecal microbiome is stable and functionally distinct,Other,,,,,Main Text,,,No
LvZhan2024,https://pubmed.ncbi.nlm.nih.gov/39498309/,Gut commensal Agathobacter rectalis alleviates microglia-mediated neuroinflammation against pathogenesis of Alzheimer disease.,Alzheimer’s disease (AD),,,,,Main Text,,,No
MaoZhang2021,https://pubmed.ncbi.nlm.nih.gov/34650532/,Cross-Sectional Study on the Gut Microbiome of Parkinson's Disease Patients in Central China.,Parkinson’s disease (PD),,,,,Main Text,,,No
LiSun2022,,Uncovering the characteristics of the gut microbiota in patients with acute ischemic stroke and phlegm-heat syndrome,Stroke,,,,,Main Text,gradient/subtypes;confounding disease,,No
ZhaoWang2022,,Pivotal interplays between fecal metabolome and gut microbiome reveal functional signatures in cerebral ischemic stroke,Stroke,,,,,Main Text,,,No
GongLiu2020,,Alteration of Gut Microbiota in Patients With Epilepsy and the Potential Index as a Biomarker,Epilepsy,,,,,Main Text,,,No
XiaYou2019,https://www.frontiersin.org/articles/10.3389/fneur.2019.00397/full,Stroke Dysbiosis Index (SDI) in Gut Microbiome Are Associated With Brain Injury and Prognosis of Stroke,Stroke,,Yes,"Parabacteroides (q<0.1, LDA>2); Oscillospira (q<0.1, LDA>2); Enterobacteriaceae_uncl. (q<0.1, LDA>2); Bacteroides (q<0.1, LDA>2); Bacteroidaceae_uncl. (q<0.1, LDA>2)","Prevotella (q<0.1, LDA>2); Roseburia (q<0.1, LDA>2); Faecalibacterium (q<0.1, LDA>2); Clostridiaceae_uncl. (q<0.1, LDA>2); Lachnospira (q<0.1, LDA>2)a",Main Text,,,Yes
StagamanKmiecik2024,https://pubmed.ncbi.nlm.nih.gov/39443634/,Oral and gut microbiome profiles in people with early idiopathic Parkinson's disease.,Parkinson’s disease (PD),,,,,Main Text,,,No
TanWu2021,,Dysbiosis of Gut Microbiota and Short-Chain Fatty Acids in Acute Ischemic Stroke and the Subsequent Risk for Poor Functional Outcomes,Stroke,,,,,Main Text,,,No
AhoKlee2024,https://pubmed.ncbi.nlm.nih.gov/38582855/,Gut microbiome is not associated with mild cognitive impairment in Parkinson's disease.,Parkinson’s disease (PD),,,,,Main Text,,,No
OttavianoMarsiglia2025,,"Tuberous sclerosis complex, epilepsy, and the microbiota-gut-brain axis: a pilot study of shared and divergent microbial signatures",Epilepsy,,,,,Main Text,,,No
PengQiu2018,,Altered composition of the gut microbiome in patients with drug-resistant epilepsy,Epilepsy,,,,,Main Text,gradient/subtypes,,No
WangLi2022,https://pubmed.ncbi.nlm.nih.gov/36437994/,The relationship between Alzheimer's disease and intestinal microflora structure and inflammatory factors.,"Alzheimer’s disease (AD), Dementia",,,,,Main Text,,,No
BaoSun2024,https://doi.org/10.1177/15459683241252608,Relationship Between the Gut Microbiota and Neurological Deficits in Patients With Cerebral Ischemic Stroke,Stroke,Decrease,Yes,,,Main Text,gradient/subtypes,,No
TianXia2022,,Effect of enteral nutrition on the intestinal microbiome and risk of death in ischemic stroke patients,Stroke,,,,,Main Text,intervention;gradient/subtypes,,No
SafakAltunan2020,,The gut microbiome in epilepsy,Epilepsy,,,,,Main Text,,,No
WeiChen2023,,Identification of disordered profiles of gut microbiota and functional component in stroke and poststroke epilepsy,"Stroke, Epilepsy",,,,,Main Text,,,No
CuiLiu2022,https://doi.org/10.3389/fmicb.2021.696632,Gut Microbiome Distinguishes Patients With Epilepsy From Healthy Individuals,Epilepsy,Decrease,Yes,"Proteobacteria (p<0.05); Actinobacteriota (p<0.05); Escherichia/Shigella (LDA>3, p<0.05); Enterobacteriaceae-unclassified (LDA>3, p<0.05); Halomonas (LDA>3, p<0.05); Bifidobacterium (LDA>3, p<0.05); Subdoligranulum (p<0.05); Faecalibacterium (p<0.05)","Bacteroidota (p<0.05); Bacteroides (LDA>3, p<0.05); Megamonas (p<0.05); Prevotella (p<0.05); Lachnospiraceae-unclassified (LDA>3, p<0.05); Blautia (LDA>3, p<0.05); Lachnospira (LDA>3, p<0.05); Parabacteroides (p<0.05); Collinsella (p<0.05).",Main Text,,,Yes
ZhangWang2023,,Imbalance of Microbacterial Diversity Is Associated with Functional Prognosis of Stroke,Stroke,,,,,Main Text,,,No
XuWang2021,,Compositional and functional alterations of gut microbiota in patients with stroke,Stroke,,,,,Main Text,,,No
JiangLi2023,,Ischemic Stroke and Dysbiosis of Gut Microbiota: Changes to LPS Levels and Effects on Functional Outcomes,Stroke,,,,,Main Text,,,No
ZhengChen2022,,Gut Dysbiosis Is Associated With the Severity of Cryptogenic Stroke and Enhanced Systemic Inflammatory Response,Stroke,,,,,Main Text,,,No
GrochowskaLaskus2022,,Patients with Infections of The Central Nervous System Have Lowered Gut Microbiota Alpha Diversity,Other,,,,,Main Text,,,No
XuKan2018,,Astragaloside IV reversed the autophagy and oxidative stress induced by the intestinal microbiota of AIS in mice,Stroke,,,,,Main Text,,,No
MatsuuraInoue2019,,Analysis of gut microbiota in patients with cerebral autosomal dominant arteriopathy with subcortical infarcts and leukoencephalopathy (CADASIL),Stroke,,,,,Main Text,,,No
YuwattanaSuparan2025,,Altered gut microbiome profiles in epileptic children are associated with spectrum of anti-seizure medication responsiveness,Epilepsy,,,,,Main Text,,,No
WangLi2018,,The characteristics analysis of intestinal microecology on cerebral infarction patients and its correlation with apolipoprotein E,Stroke,,,,,Main Text,,,No
ShiQiu2020,,Dysbiosis of gut microbiota in patients with neuromyelitis optica spectrum disorders: A cross sectional study,Other,,,,,Main Text,,,No
KimOh2025,,Blood microbiome signatures in the REM sleep behavior disorder-Lewy body disease continuum,"Parkinson’s disease (PD), Dementia",,,,,Main Text,gradient/subtypes;confounding disease,,No
ZhouJia2023,,Integrated Macrogenomics and Metabolomics Explore Alterations and Correlation between Gut Microbiota and Serum Metabolites in Adult Epileptic Patients: A Pilot Study,Epilepsy,,,,,Main Text,,,No
YuShi2024,,Specific gut microbiome signatures predict the risk of acute ischemic stroke,Stroke,,,,,Main Text,,,No
YaoLi2025,https://pmc.ncbi.nlm.nih.gov/articles/PMC12508004/,Multi-omics profiling reveals key microbial and metabolic variations in ischemic stroke: insights into gut and oral microbiota,Stroke,Increase,Yes,"Subdoligranulum, Streptococcus, and Limosilactobacillus were enriched in the FS group, Porphyromonas,  in the KS group compared to the KC group (P = 0.004, Q = 0.049).","Bacteroides (P < 0.001, Q < 0.001), Parabacteroides (P < 0.001, Q = 0.004), Roseburia (P < 0.001, Q = 0.007) and Holdemanella (P < 0.001, Q = 0.008)",Main Text,,,Yes
DongZheng2022,https://pmc.ncbi.nlm.nih.gov/articles/PMC8888681/,Gut Microbial Characteristics of Adult Patients With Epilepsy,Epilepsy,No Difference,Yes,,,Main Text,,,No
YamashiroTanaka2017,https://pubmed.ncbi.nlm.nih.gov/28166278/,Gut dysbiosis is associated with metabolism and systemic inflammation in patients with ischemic stroke,Stroke,,,,,Main Text,,,No
ParkLee2023,https://doi.org/10.3390/biomedicines11092352,Gut Dysbiosis: A New Avenue for Stroke Prevention and Therapeutics,Stroke,Decrease,Yes,,,Main Text,,,No
ChenHuang2024,,Uncovering the characteristics of the gut microbiota in patients with ischemic stroke and hemorrhagic stroke,Stroke,,,,,Main Text,,,No
ShaoZheng2025,,The protective effect of Blautia coccoides in secondary injury of intracerebral hemorrhage,Stroke,,,,,Main Text,,,No
MarsigliaMarangelo2024,,Gut Microbiota Ecological and Functional Modulation in Post-Stroke Recovery Patients: An Italian Study,Stroke,,,,,Main Text,,,No
LiWang2019,,Change of intestinal microbiota in cerebral ischemic stroke patients,Stroke,,,,,Main Text,,,No
ChenWang2022,,Multi-omics reveals specific host metabolism-microbiome associations in intracerebral hemorrhage,Stroke,,,,,Main Text,,,No
HeJiang2024,,Identifying gut microbiota with high specificity for ischemic stroke with large vessel occlusion,Stroke,,,,,Main Text,,,No
HasegawaGoto2015,,Intestinal Dysbiosis and Lowered Serum Lipopolysaccharide-Binding Protein in Parkinson's Disease,Parkinson’s disease (PD),,,,,Main Text,,,No