Study,Link (Use DOI or Title if missing),DOI,Title,Year,Country,Continent,SequencingType,PublicationJournal,Disease,AlphaDirection,BetaSeparation,"KeyTaxa_Enriched ↑ (Taxa1, Taxa2, etc.)",KeyTaxa_Depleted ↓,Differential Abundance Test (try Ctrl F for these),TaxaExtractionSource (Should be Main Text unless there is nothing listed),Tags (skip),Contributor,Notes,Column 1,Column 2,Column 3,Column 4,Column 5,Column 6,Column 7,Column 8,Column 9
LiZhang2020,https://pubmed.ncbi.nlm.nih.gov/33312718/,10.1515/tnsci-2020-0117,Dysbiosis characteristics of gut microbiota in cerebral infarction patients,2020,China,Asia,16S,Translational Neuroscience,Stroke,No Difference,No,"Proteobacteria, Actinobacteria, Lactobacillus, Lactococcus, Escherichia, Shigella, Streptococcus, Collinsella, Dorea","Firmicutes, Bacteroidetes, Faecalibacterium, Subdoligranulum, Eubacterium rectale, Roseburia, Lachnoclostridium, Butyricicoccus",LEfSe (LDA),Main Text,,Sam Degregori,,,,,,,,,,
DongLin2021,https://doi.org/10.3389/fcimb.2021.723840,10.3389/fcimb.2021.723840,Gut Microbiota and Fecal Metabolites Associated With Neurocognitive Impairment in HIV-Infected Population,2021,China,Asia,16S,Frontiers in Cellular and Infection Microbiology,Cognitive Impairment,No Difference,No,"Klebsiella, Prevotellaceae_Ga6A1","Coprococcus_2, Treponema_2, Rikenellaceae_RC9",LEfSe (LDA),Supplementary File fallback (Top 5),confounding disease,Sam Degregori,taxa from Supp TableS4,,,,,,,,,
HuangWei2024,https://doi.org/10.4103/1673-5374.385846,10.4103/1673-5374.385846,Hemorrhagic transformation in patients with large-artery atherosclerotic stroke is associated with the gut microbiota and lipopolysaccharide,2024,China,Asia,16S,Neural Regeneration Research,Stroke,Decrease,Yes,"Streptococcus, Fusicatenibacter, Pectobacterium, Lactobacillus_salivarius, Klebsiella","Ruminococcaceae, Acidobacteriota, Faecalibacterium, Clostridiales",LEfSe (LDA),Main Text,gradient/subtypes,Sam Degregori,,,,,,,,,,
BorghiBorgo2017,https://doi.org/10.3390/ijms18020344,10.3390/ijms18020344,Rett Syndrome: A Focus on Gut Microbiota,2017,Italy,Europe,16S,INTERNATIONAL JOURNAL OF MOLECULAR SCIENCES,Rett syndrome,No Difference,No,"Bacteroidaceae, Bacteroides, Clostridium",None,,Main Text,,Emily Song,referenced Figure 5 to find p values for taxa mentioned in txt,,,,,,,,,
FengCui2023,https://doi.org/10.1007/s40120-023-00477-6,10.1007/s40120-023-00477-6,The Alterations of Gut Microbiome and Lipid Metabolism in Patients with Spinal Muscular Atrophy,2023,China,Asia,16S,Neurology and Therapy,Spinal Muscular Atrophy (SMA),No Difference,No,"Gordonibacter, Ruminiclostridium, Enorma, Lawsonella,
Frisingicoccus, Anaerofilum ",None,,Main Text,,Emily Song,,,,,,,,,,
DangZhang2021,https://doi.org/10.1155/2021/1469339,10.1155/2021/1469339,Distinctive Gut Microbiota Alteration Is Associated with Poststroke Functional Recovery: Results from a Prospective Cohort Study,2021,China,Asia,16S,NEURAL PLASTICITY,Stroke,Increase,Yes,"Enterococcaceae, Lachnospiraceae, Enterobacteriaceae, Helicobacteraceae, Lachnoclostridium, Flavonifractor, Lactobacillus, Enterococcus, Enterobacter, Fusobacterium, Veillonella, Megamonas, and Escherichia","Neisseriaceae, Porphyromonadaceae, Flavobacteriaceae, Weeksellaceae, Cardiobacteriaceae, Pasteurellaceae, Blautia, Faecalibacterium, Roseburia, Fusicatenibacter, Prevotella, Ruminococcus, and Neisseria",LEfSe (LDA),Main Text,,Emily Song,LDA score> 3.5,,,,,,,,,
WangMa2023,https://doi.org/10.3389/fmicb.2023.1091167,10.3389/fmicb.2023.1091167,"Comparison of the effects of probiotics, rifaximin, and lactulose in the treatment of minimal hepatic encephalopathy and gut microbiota",2023,China,Asia,16S,FRONTIERS IN MICROBIOLOGY,Encephalopathy,No Difference,Yes,"Pediococcus, Selenomonas, Anaerosinus, Lactobacillus, Pseudomonas, Bifidobacterium",Barnesiella,DESeq,Main Text,intervention,Lynn Hee Fetcinko,,,,,,,,,,
TonomuraHattori2025,https://doi.org/10.1253/circj.cj-24-0872,10.1253/circj.CJ-24-0872,Oral Pathobiont Streptococcus Anginosus Is Enriched in the Gut of Stroke Patients and Predicts 2-Year Cardiovascular Outcome,2025,Japan,Asia,16S,CIRCULATION JOURNAL,Stroke,Decrease,Not reported,Streptococcus,None,ANCOM,Main Text,,Lynn Hee Fetcinko,,,,,,,,,,
GuoNiLi2022,https://www.frontiersin.org/articles/10.3389/fcimb.2022.827129/full,10.3389/fcimb.2022.827129,Integrated Traditional Chinese Medicine Improves Functional Outcome in Acute Ischemic Stroke: From Clinic to Mechanism Exploration With Gut Microbiota,2022,China,Asia,16S,Frontiers in Cellular and Infection Microbiology,Stroke,Not Reported,Yes,"Coprococcus (p < 0.05, ITCM ↑ vs WM ↓, positively correlated with NIHSS and fire-heat score reduction); Dorea (p < 0.05, ITCM ↑ vs WM ↓, positively correlated with clinical improvement); Blautia, Streptococcus, Bifidobacterium, Lactobacillus (SCFA producers upregulated after ITCM in both enterotypes)","Clostridium (p < 0.05, negatively correlated with NIHSS improvement); Parabacteroides (p < 0.05, negatively correlated with fire-heat score improvement); Phascolarctobacterium (p < 0.05, negatively correlated with clinical recovery); Bacteroides (p < 0.05, LPS producer reduced after ITCM vs increased after WM).",,Main Text,intervention,Emily Song,,,,,,,,,,
MaXie2024,https://doi.org/10.1080/1028415X.2023.2242121,10.1080/1028415X.2023.2242121,The gut microbial signatures of patients with lacunar cerebral infarction,2024,China,Asia,16S,NUTRITIONAL NEUROSCIENCE,Stroke,No Difference,Yes,"Streptococcus, Lactobacillus",Agathobacter,LEfSe (LDA),Main Text,,Lynn Hee Fetcinko,figure 4c shows statistical significance for only those three taxa,,,,,,,,,
CaoLv2025,https://doi.org/10.2147/ndt.s513364,10.2147/NDT.S513364,Altered Gut Microbiota and Plasma Metabolome Profiles Characterize Depression Individuals with Ischemic Stroke: A Comparative Analysis,2025,China,Asia,16S,NEUROPSYCHIATRIC DISEASE AND TREATMENT,Stroke,No Difference,No,"Enterobacteriaceae, Alloprevotella,  Prevotella, Prevotella sp. Marseille P2931, Prevotella stercorea","Acidaminococcaceae, Roseburia, Fusicatenibacter,  Bacteroides massiliensis, Bacteroides finegoldii ",LEfSe (LDA),Main Text,confounding disease,Lynn Hee Fetcinko,,,,,,,,,,
CuiXu2023,https://doi.org/10.1111/cns.14271,10.1111/cns.14271,Changes of gut microbiota in patients at different phases of stroke,2023,China,Asia,16S,CNS NEUROSCIENCE & THERAPEUTICS,Stroke,No Difference,No,Lactobacillaceae,"Butyricimona, Peptostreptococaceae, Romboutsia ",LEfSe (LDA),Main Text,gradient/subtypes,Lynn Hee Fetcinko,Showed CS vs HC and SS vs HC for enriched and depleted taxa. included those that occurred in both comparisons.,,,,,,,,,
WangBing2024,https://doi.org/10.1128/spectrum.01178-24,10.1128/spectrum.01178-24,Gut microbiota dysbiosis and neurological function recovery after intracerebral hemorrhage: an analysis of clinical samples,2024,China,Asia,16S,MICROBIOLOGY SPECTRUM,Stroke,Differing B/w Subgroups,Yes,None,None,LEfSe (LDA),Main Text,,Lynn Hee Fetcinko,"The study does not compare the combined ICH group to the control for alpha diversity and taxa enrichment/depletion. Instead, they compare specific time points to each other and to the control. ** no enriched/depleted results for disease vs healthy",,,,,,,,,
YongLee2023,https://doi.org/10.1038/s41598-023-27586-4,10.1038/s41598-023-27586-4,Altered gut microbiota in individuals with episodic and chronic migraine,2023,South Korea,Asia,16S,SCIENTIFIC REPORTS,Other,No Difference,No,"Tissierellales, Tissierellia, Peptoniphilaceae, Eubacteriaceae",None,Other,Main Text,,Lynn Hee Fetcinko,,,,,,,,,,
YanZheng2025,https://doi.org/10.1007/s11011-025-01549-2,10.1007/s11011-025-01549-2,Altered gut microbiome and serum metabolome profiles associated with essential tremor,2025,China,Asia,16S,METABOLIC BRAIN DISEASE,Other,No Difference,Yes,Acholeplasmatales_bacterium ,"Prevotella_copri, Phocaeicola_vulgatus, Bacteroides_ovatus, Phocaeicola_dorei, Bacteroides_fragilis, Bacteroides_xylanisolvens, Bacteroides_sp._4_3_47FAA, Bacteroides_sp._3_1_40A, and Phocaeicola_coprocola ",LEfSe (LDA),Main Text,,Lynn Hee Fetcinko,,,,,,,,,,
LouOuyang2024,https://doi.org/10.3389/fcimb.2023.1257317,10.3389/fcimb.2023.1257317,Gut microbiota as predictors of the occurrence of high on-treatment platelet reactivity in acute ischemic stroke patients,2024,China,Asia,16S,FRONTIERS IN CELLULAR AND INFECTION MICROBIOLOGY,Stroke,No Difference,Yes," Parabacteroides, Streptococcus","Blautia, Lachnoclostridium",LEfSe (LDA),Figure/Table fallback (Top 5),intervention,Lynn Hee Fetcinko,,,,,,,,,,
LaskeMueller2022,https://doi.org/10.3389/fnins.2022.792996,10.3389/fnins.2022.792996,Signature of Alzheimer's Disease in Intestinal Microbiome: Results From the AlzBiom Study,2022,Germany,Europe,Shotgun,FRONTIERS IN NEUROSCIENCE,Alzheimer’s disease (AD),Not Reported,Not reported,None,None,Other,Main Text,,Lynn Hee Fetcinko,This paper does not explicitly state alpha or beta diversity and does not list significance for taxa,,,,,,,,,
LiHan2022,https://doi.org/10.3389/fmolb.2022.865788,10.3389/fmolb.2022.865788,Intestinal flora induces depression by mediating the dysregulation of cerebral cortex gene expression and regulating the metabolism of stroke patients,2022,China,Asia,16S,FRONTIERS IN MOLECULAR BIOSCIENCES,Stroke,Differing B/w Subgroups,Differing B/w Subgroups,g_Erysipelotrichaceae UCG-003,None,LEfSe (LDA),Main Text,confounding disease,Lynn Hee Fetcinko,,,,,,,,,,
CaoHuang2025,https://doi.org/10.1177/17562864251319870,10.1177/17562864251319870,Crosstalk between the gut microbiota and brain network topology in poststroke aphasia patients: perspectives from neuroimaging findings,2025,China,Asia,16S,THERAPEUTIC ADVANCES IN NEUROLOGICAL DISORDERS,Stroke,Decrease,Differing B/w Subgroups,"Non-PSA: g_Bifidobacterium, p_Actinobacteria, c_Actinobacteria, o_Bifidobacteriales. PSA: g_Blautia, p_Bacteroidetes, c_Bacteroidia, o_Bacteroidales, g_Bacteroides",None,LEfSe (LDA),Main Text,gradient/subtypes,Lynn Hee Fetcinko,,,,,,,,,,
KhedrAli2021,https://doi.org/10.1186/s41983-021-00407-z,10.1186/s41983-021-00407-z,Gut microbiota in Parkinson's disease patients: hospital-based study,2021,Egypt,Africa,16S,EGYPTIAN JOURNAL OF NEUROLOGY PSYCHIATRY AND NEUROSURGERY,Parkinson’s disease (PD),Not Reported,Not reported,"Clostridium cluster IV, Akkermansia, Bifidobacterium, and lactic acid bacteria", Firmicutes,Other,Main Text,,Lynn Hee Fetcinko,,,,,,,,,,
XiangLou2020,https://doi.org/10.3389/fcimb.2020.587284,10.3389/fcimb.2020.587284,Gut Microbiotic Features Aiding the Diagnosis of Acute Ischemic Stroke,2020,China,Asia,16S,FRONTIERS IN CELLULAR AND INFECTION MICROBIOLOGY,Stroke,Differing B/w Subgroups,Differing B/w Subgroups,"AI: Actinobacteria PI: Verrucomicrobia, Synergistetes, Proteobacteria",Firmicutes,LEfSe (LDA),Main Text,gradient/subtypes,Lynn Hee Fetcinko,Did not test alpha and beta diversity between subgroups as a whole and healthy controls,,,,,,,,,
LiuMen2023,https://doi.org/10.1186/s40168-023-01638-3,10.1186/s40168-023-01638-3,Gut microbes exacerbate systemic inflammation and behavior disorders in neurologic disease CADASIL,2023,China,Asia,Both,MICROBIOME,Other,No Difference,No,"Porphyromonas, Akkermansia, Eubacterium siraeum, Akkermansia muciniphila, Fusobacterium varium, Megasphaera elsdenii, Clostridium aldenense, Bacteroides sp. OM05-12, Streptococcus sp. A12","Sutterella, Roseburia faecis, Eubacterium eligens, Sutterella parvirubra",Linear (e.g. MaAsLin),Main Text,,Lynn Hee Fetcinko,,,,,,,,,,
TotzeckRamakrishnan2021,https://doi.org/10.1177/17562864211035657,10.1177/17562864211035657,Gut bacterial microbiota in patients with myasthenia gravis: results from the MYBIOM study,2021,Gernany,Europe,16S,THERAPEUTIC ADVANCES IN NEUROLOGICAL DISORDERS,Other,Decrease,No,MG: Faecalibacterium,None,Linear (e.g. MaAsLin),Main Text,,Lynn Hee Fetcinko,Only tested differentially abundant genera between disease subtypes,,,,,,,,,
ChenWu2025,https://doi.org/10.3389/fmicb.2025.1580231,10.3389/fmicb.2025.1580231,Alterations in gut microbiota and metabolomic profiles in acute stroke: insights into brain-gut axis dysregulation,2025,China,Asia,16S,FRONTIERS IN MICROBIOLOGY,Stroke,Increase,Yes,"Firmicutes, Barnesiella, Faecalibacterium, Agathobacter","Bacteroides, Escherichia-Shigella",LEfSe (LDA),Main Text,,Lynn Hee Fetcinko,,,,,,,,,,
LiuFan2023,https://doi.org/10.1016/j.msard.2023.104619,10.1016/j.msard.2023.104619,Gut microbiota dysbiosis associated with different types of demyelinating optic neuritis in patients,2023,China,Asia,16S,MULTIPLE SCLEROSIS AND RELATED DISORDERS,Other,Decrease,Yes,"Blautia, Escherichia-Shigella, Ruminococcus","Bacteroides, Faecalibacterium, Roseburia, Parabacteroides, Romboutsia, Lachnospiraceae ND3007 group, Alistipes",Other,Main Text,,Isabella Huang,,,,,,,,,,
LuoChang2024,https://doi.org/10.1016/j.heliyon.2024.e26651,10.1016/j.heliyon.2024.e26651,"Unveiling the negative association of Faecalibacterium prausnitzii with ischemic stroke severity, impaired prognosis and pro-inflammatory markers",2024,China,Asia,16S,HELIYON,Stroke,No Difference,Yes,"All AIS patients combined: Bacteroides, Enterococcus faecium; Non-minor stroke: Parabacteroids, Akkermansia, Christensenellaceae_R-7_group, Bacteroides dorei, Akkermansia muciniphila, Bacteroides caccae; 3-month poor prognosis: Enterococcus","All AIS patients combined: Clostridia, Lachnospirales, Lachnospiraceae, Ruminococcaceae, Faecalibacterium, Faecalibacterium prausnitzii; Non-minor stroke: Faecalibacterium, Blautia, Agathobacter, Subdoligranulum, Faecalibacterium prausnitzii; 3-month poor prognosis: Faecalibacterium, Blautia",LEfSe (LDA),Main Text,,Isabella Huang,,,,,,,,,,
HeLi2024,https://doi.org/10.3389/fmicb.2024.1432958,10.3389/fmicb.2024.1432958,The impact of dysbiosis in oropharyngeal and gut microbiota on systemic inflammatory response and short-term prognosis in acute ischemic stroke with preceding infection,2024,China,Asia,16S,FRONTIERS IN MICROBIOLOGY,Stroke,Differing B/w Subgroups,Differing B/w Subgroups,"Both AIS and AIS-PI vs. HC (gut): Firmicutes; Both AIS and AIS-PI vs. HC (oropharyngeal): Bacteroidetes; AIS-PI (gut): Megamonas, Lactobacillus mucosae, Megasphaera, Megasphaera elsdenii, Dialister, Micrococcales, Micrococcaceae, Rothia, Streptococcaceae, Streptococcus, Streptococcus mutans, Ruminococcaceae UCG 004, Sellimonas, Sellimonas intestinalis, Eggerthellaceae, Eggerthella, Eggerthella sp., Paeniclostridium, Mogibacterium; AIS (gut): Campylobacter hominis ATCC BAA, Bacteroides coprocola; AIS-PI (oropharyngeal): Streptococcaceae, Corynebacteriaceae, Rothia, Deinococcus Thermus, Deinococci, Thermales, Thermaceae, Thermus, Thermus scotoductus SA, uncultured Veillonella sp., Mycoplasma","Both AIS and AIS-PI vs. HC (gut): Bacteroidetes, Eisenbergiella, bacterium NLAE, Fusicatenibacter, Ruminococcaceae, Faecalibacterium, Bacteroides massiliensis; AIS (oropharyngeal): Proteobacteria; AIS-PI (oropharyngeal): Leptotrichiaceae, Leptotrichia, uncultured_Leptotrichia_sp., Oribacterium sinus",LEfSe (LDA),Main Text,confounding disease,Isabella Huang,,,,,,,,,,
YukawaMutoKamiya2022,https://doi.org/10.1002/hep4.1954,10.1002/hep4.1954,Distinct responsiveness to rifaximin in patients with hepatic encephalopathy depends on functional gut microbial species,2022,Japan,Asia,Both,HEPATOLOGY COMMUNICATIONS,Encephalopathy,Decrease,Yes,"Streptococcus, Streptococcus salivarius, Lactobacillus, Bifidobacterium, Veillonella",None,LEfSe (LDA),Main Text,intervention,Isabella Huang,,,,,,,,,,
LiChen2025,https://doi.org/10.1128/msystems.01492-24,10.1128/msystems.01492-24,Hypercoagulable state and gut microbiota dysbiosis as predictors of poor functional outcomes in acute ischemic stroke patients,2025,China,Asia,16S,MSYSTEMS,Stroke,Increase,Yes,"Parabacteroides, Oscillospira, Morganella, Megasphaera, Alistipes, Dialister","Prevotella, Roseburia, Faecalibacterium, Blautia, Coprococcus",LEfSe (LDA),Main Text,,Isabella Huang,,,,,,,,,,
WuJiang2025,https://doi.org/10.2147/NDT.S507156,10.2147/NDT.S507156,Potential Inflammatory Biomarkers and Differential Gut Microbiota in Cognitive Impairment After Ischemic Stroke,2025,China,Asia,16S,NEUROPSYCHIATRIC DISEASE AND TREATMENT,Stroke,Not Reported,Not reported,None,None,Other,Main Text,gradient/subtypes,Isabella Huang,"Only reported microbial differences between post-stroke patients without cognitive impairment (PSWCI) and PSCI patients, no comparisons to HC group",,,,,,,,,
HuaFeng2022,https://doi.org/10.1097/MD.0000000000029935,10.1097/MD.0000000000029935,Changes in intestinal microbiota of HBV-associated liver cirrhosis with/without hepatic encephalopathy,2022,China,Asia,16S,MEDICINE,Encephalopathy,Not Reported,Not reported,"Pasteurellaceae, Haemophilus, Selenomonas, Veillonella, Pasteurellales, Ruminococcus torques, Veillonella dispar, Veillonella parvula","Lachnospiraceae, Adlercreutzia, Blautia, Coprococcus, Dorea, Turicibacterales, Blautia producta, Clostridium clostridioforme, Collinsella stercoris, Enterococcus casseliflavus, Anaerofustis, Finegoldia",Other,Main Text,confounding disease,Isabella Huang,"Also made comparisons of relative abundance between HC and HBV-LC as a group, but I only listed comparisons between HC and HE subgroup",,,,,,,,,
ZhangWang2022,https://doi.org/10.3389/fnmol.2022.922399,10.3389/fnmol.2022.922399,"Combination effect between gut microbiota and traditional potentially modifiable risk factors for first-ever ischemic stroke in Tujia, Miao and Han populations in China",2022,China,Asia,16S,FRONTIERS IN MOLECULAR NEUROSCIENCE,Stroke,Not Reported,Yes,"All IS combined: Bacilli, Gammaproteobacteria, Lactobacillaceae, Streptococcaceae, Enterobacteriaceae; Tujia only: Bacilli, Gammaproteobacteria, Actinobacteria, Rubrobacteria, Coriobacteria, Lactobacillaceae, Streptococcaceae, Enterobacteriaceae; Miao only: Bacilli, Lactobacillaceae, Streptococcaceae; Han only: Bacilli, Gammaproteobacteria, Enterococcaceae, Lactobacillaceae, Enterococcaceae, Enterobacteriaceae","All IS combined: Clostridia, Lachnospiraceae, Ruminococcaceae; Tujia only: Clostridia, Ruminococcaceae; Han only: Clostridia, Ruminococcaceae",LEfSe (LDA),Main Text,,Isabella Huang,,,,,,,,,,
ZhaLiu2025,https://doi.org/10.1016/j.cmet.2024.10.006,10.1016/j.cmet.2024.10.006,Microbiota-derived lysophosphatidylcholine alleviates Alzheimer's disease pathology via suppressing ferroptosis.,2025,China,Asia,Shotgun,Cell metabolism,Alzheimer’s disease (AD),Not Reported,Not reported,Firmicutes,"Bacteroidetes, Bacteroides, Bacteroides ovatus",LEfSe (LDA),Main Text,,Isabella Huang,,,,,,,,,,
FerreiroChoi2023,https://doi.org/10.1126/scitranslmed.abo2984,10.1126/scitranslmed.abo2984,Gut microbiome composition may be an indicator of preclinical Alzheimer's disease.,2023,United States,North America,Shotgun,Science translational medicine,Alzheimer’s disease (AD),No Difference,Yes,"Dorea formicigenerans, Oscillibacter sp. 57_20, Faecalibacterium prausnitzii, Coprococcus catus, Anaerostipes hadrus, Ruminococcus lactaris, Methanobrevibacter smithii",Methanosphaera stadtmanae,Linear (e.g. MaAsLin),Main Text,,Isabella Huang,,,,,,,,,,
VogtKerby2017,https://doi.org/10.1038/s41598-017-13601-y,10.1038/s41598-017-13601-y,Gut microbiome alterations in Alzheimer's disease.,2017,United States,North America,16S,Scientific reports,"Alzheimer’s disease (AD), Dementia",Decrease,Yes,"Bacteroidetes, Gemellaceae, Blautia, Phascolarctobacterium, Gemella, Bacteroidaceae, Rikenellaceae, Bacteroides, Alistipes, Bilophila","Firmicutes, Actinobacteria, Ruminococcaceae, Turicibacteraceae, Peptostreptococcaceae, Clostridiaceae, Mogibacteriaceae, SMB53 (family Clostridiaceae), Dialister, Clostridium, Turicibacter, cc115 (family Erysipelotrichaceae), Bifidobacteriaceae, Bifidobacterium, Adlercreutzia",Other,Main Text,,Isabella Huang,,,,,,,,,,
GrabruckerMarizzoni2023,https://doi.org/10.1093/brain/awad303,10.1093/brain/awad303,Microbiota from Alzheimer's patients induce deficits in cognition and hippocampal neurogenesis.,2023,Ireland,Europe,16S,Brain : a journal of neurology,Alzheimer’s disease (AD),No Difference,No,"Bacteroidetes, Desulfovibrio","Firmicutes, Verruocomicrobiota, Clostridium sensu stricto 1, Coprococcus",Other,Main Text,,Isabella Huang,,,,,,,,,,
YoonGerdes2025,https://doi.org/10.1073/pnas.2419689122,10.1073/pnas.2419689122,Multiple sclerosis and gut microbiota: Lachnospiraceae from the ileum of MS twins trigger MS-like disease in germfree transgenic mice-An unbiased functional study.,2025,Germany,Europe,16S,Proceedings of the National Academy of Sciences of the United States of America,Multiple sclerosis (MS),No Difference,No,"Alistipes ihumii, Copromonas, Acutalibacter, Anaerotruncus massiliensis, Eisenbergiella tayi, Anaerotruncus colihominis","Dialister succinatiphilus, Prevotella buccae",Linear (e.g. MaAsLin),Main Text,,Isabella Huang,,,,,,,,,,
ZhuangShen2018,https://doi.org/10.3233/JAD-180176,10.3233/JAD-180176,Gut Microbiota is Altered in Patients with Alzheimer’s Disease,2018,China,Asia,16S,Journal of Alzheimer’s Disease,"Alzheimer’s disease (AD), Amyotrophic lateral sclerosis (ALS), Parkinson’s disease (PD)",Not Reported,Not reported,Actinobacteria (p<0.05); Bacilli (p<0.05); Lactobacillales (p<0.05); Ruminococcaceae (p<0.05); Enterococcaceae (p<0.05); Lactobacillaceae (p<0.05); Subdoligranulum (p<0.05).,Bacteroidetes (p=0.039); Bacteroidia (p<0.05); Negativicutes (p<0.05); Bacteroidales (p<0.05); Selenomonadales (p<0.05); Lachnospiraceae (p<0.05); Bacteroidaceae (p<0.05); Veillonellaceae (p<0.05); Lachnoclostridium (p<0.05),,Main Text,,Emily Song,,,,,,,,,,
ZhouBaumann2022,https://doi.org/10.1016/j.cell.2022.08.021,10.1016/j.cell.2022.08.021,Gut microbiome of multiple sclerosis patients and paired household healthy controls reveal associations with disease risk and course.,2022,United States,North America,Both,Cell,Multiple sclerosis (MS),No Difference,Yes,"Akkermansia muciniphila, Parabacteroides merdae CAG:48, Ruminococcus torques, Ruthenibacterium lactatiformans, Hungatella hathewayi, Eisenbergiella tayi",Faecalibacterium prausnitzii,Linear (e.g. MaAsLin),Main Text,,Isabella Huang,"Mention decrease in Blautia species in main text, but only specifically named/identified in figures",,,,,,,,,
ScheperjansAho2015,https://doi.org/10.1002/mds.26069,10.1002/mds.26069,Gut microbiota are related to Parkinson's disease and clinical phenotype.,2015,Finland,Europe,16S,Movement disorders : official journal of the Movement Disorder Society,Parkinson’s disease (PD),No Difference,Yes,"Lactobacillaceae, Verrucomicrobiaceae, Bradyrhizobiaceae","Prevotellaceae, Clostridiales Incertae Sedis IV",Linear (e.g. MaAsLin),Main Text,,Isabella Huang,,,,,,,,,,
WangWang2025,https://doi.org/10.1186/s40168-024-02001-w,10.1186/s40168-024-02001-w,Akkermansia muciniphila and its metabolite propionic acid maintains neuronal mitochondrial division and autophagy homeostasis during Alzheimer's disease pathologic process via GPR41 and GPR43.,2025,China,Asia,16S,Microbiome,Alzheimer’s disease (AD),Decrease,Yes,Proteobacteria,Akkermansia muciniphila,Other,Main Text,,Isabella Huang,,,,,,,,,,
BlacherBashiardes2019,https://doi.org/10.1038/s41586-019-1443-5,10.1038/s41586-019-1443-5,Potential roles of gut microbiome and metabolites in modulating ALS in mice.,2019,Israel,Middle East,Shotgun,Nature,Amyotrophic lateral sclerosis (ALS),Not Reported,Yes,None,None,Other,Main Text,,Isabella Huang,"Identified ""five bacterial species reaching near-significance for the ALS microbiome (q < 0.1),"" but unsure from supp figure which ones they are ",,,,,,,,,
UedaShinkai2021,https://doi.org/10.1016/j.xcrm.2021.100398,10.1016/j.xcrm.2021.100398,Identification of Faecalibacterium prausnitzii strains for gut microbiome-based intervention in Alzheimer's-type dementia.,2021,Japan,Asia,Both,Cell reports. Medicine,"Alzheimer’s disease (AD), Dementia",No Difference,Yes,MCI: Prevotella,"MCI: Faecalibacterium, Faecalibacterium prausnitzii, Ruminococcaceae genus unclassified, Anaerostipes, Ruminococcus_C, CAG-41; AD: Eubacterium_I",Other,Main Text,gradient/subtypes,Isabella Huang,,,,,,,,,,
HillBurnsDebelius2017,https://doi.org/10.1002/mds.26942,10.1002/mds.26942,Parkinson's disease and Parkinson's disease medications have distinct signatures of the gut microbiome.,2017,United States,North America,16S,Movement disorders : official journal of the Movement Disorder Society,Parkinson’s disease (PD),Not Reported,Yes,"Akkermansia, Lactobacillus, Bifidobacterium",Lachnospiraceae,"ANCOM, Other",Main Text,,Isabella Huang,,,,,,,,,,
JiaKe2025,https://doi.org/10.1038/s41380-025-02973-7,10.1038/s41380-025-02973-7,Metagenomic analysis characterizes stage-specific gut microbiota in Alzheimer's disease.,2025,China,Asia,Shotgun,Molecular psychiatry,Alzheimer’s disease (AD),No Difference,No,"AD: Alistipes, Bacteroides, Prevotella spp.; MCI: Bacteroides",AD: Streptococcus spp.; MCI: Streptococcus spp.,Linear (e.g. MaAsLin),Main Text,gradient/subtypes,Isabella Huang,Included comparisons from external PD fecal metagenomic dataset,,,,,,,,,
HuangChau2023,https://pubmed.ncbi.nlm.nih.gov/37130861/,10.1038/s41467-023-38248-4,"Gut microbiome dysbiosis across early Parkinson's disease, REM sleep behavior disorder and their first-degree relatives.",2023,China,Asia,16S,Nature communications,Parkinson’s disease (PD),No Difference,Yes,"Clostridia_UCG-014, Akkermansia, Collinsella","Roseburia, Faecalibacterium, Butyricicoccus",Linear (e.g. MaAsLin),Figure/Table fallback (Top 5),confounding disease,Lucas Patel,,,,,,,,,,
LiHe2019,https://pubmed.ncbi.nlm.nih.gov/31434623/,10.1016/j.jalz.2019.07.002,Mild cognitive impairment has similar alterations as Alzheimer's disease in gut microbiota.,2019,China,Asia,16S,Alzheimer's & dementia : the journal of the Alzheimer's Association,"Alzheimer’s disease (AD), Dementia",No Difference,Yes,"Lactobacillus, Akkermansia, Dorea, Bifidobacterium, Streptococcus, Acinetobacter, and Blautia","Parabacteroides, Alistipes, Bacteroides, Alloprevotella, Haemophilus, Paraprevotella, Succinivibrio, Sutterella, Prevotella, Barnesiella, and Butyricimonas",LEfSe (LDA),Main Text,gradient/subtypes,Lucas Patel,,,,,,,,,,
CekanaviciuteYoo2017,https://pubmed.ncbi.nlm.nih.gov/28893978/,10.1073/pnas.1711235114,Gut bacteria from multiple sclerosis patients modulate human T cells and exacerbate symptoms in mouse models.,2017,United States,North America,16S,Proceedings of the National Academy of Sciences of the United States of America,Multiple sclerosis (MS),No Difference,No,"Acinetobacter, Varibaculum, Corynebacterium, Bifidobacterium, Megamonas, Megasphaera, Klebsiella, Actinomyces, Mogibacterium, Akkermansia, SMB53, Bulleidia, ph2","[Prevotella], Serratia, Bacillus, Acidaminococcus, Clostridium, Aquamonas, Parabacteroides, Phascolarctobacterium",DESeq,Supplementary File fallback (Top 5),,Lucas Patel,,,,,,,,,,
SchwerdtfegerMontini2025,https://pubmed.ncbi.nlm.nih.gov/40185103/,10.1016/j.xcrm.2025.102055,Gut microbiota and metabolites are linked to disease progression in multiple sclerosis.,2025,United States,North America,16S,Cell reports. Medicine,Multiple sclerosis (MS),No Difference,No,"Bacteroides, Alistipes, Bacteroides","Streptococcus, Eubacterium_hallii_group, Butyricicoccus, uncultured (Eggerthellaceae)",Linear (e.g. MaAsLin),Figure/Table fallback (Top 5),gradient/subtypes,Lucas Patel,not really a proper control group here,,,,,,,,,
ZhaoZhou2025,https://pubmed.ncbi.nlm.nih.gov/39893498/,10.1186/s13195-025-01683-0,Multi-omics analyses identify gut microbiota-fecal metabolites-brain-cognition pathways in the Alzheimer's disease continuum.,2025,China,Asia,16S,Alzheimer's research & therapy,Alzheimer’s disease (AD),No Difference,Yes,"Sphingomonas, Staphylococcus, Stenotrophomonas, Massilia, Variovorax, Bacillus, Bosea, Dyella","Limosilactobacillus, Anaerostipes",Other,Supplementary File fallback (Top 5),gradient/subtypes,Lucas Patel,"hard to interpret the ""DA"" results",,,,,,,,,
AhoHouser2021,https://pubmed.ncbi.nlm.nih.gov/33557896/,10.1186/s13024-021-00427-6,"Relationships of gut microbiota, short-chain fatty acids, inflammation, and the gut barrier in Parkinson's disease.",2021,Finland,Europe,16S,Molecular neurodegeneration,Parkinson’s disease (PD),Not Reported,Not reported,N/A,N/A,Other,Main Text,,Lucas Patel,"this one is weird because it doesn't directly compare disease to control, but rather correlates against other variables",,,,,,,,,
GhimireLehman2025,https://pubmed.ncbi.nlm.nih.gov/40030030/,10.1073/pnas.2413953122,Specific microbial ratio in the gut microbiome is associated with multiple sclerosis.,2025,United States,North America,Shotgun,Proceedings of the National Academy of Sciences of the United States of America,Multiple sclerosis (MS),No Difference,Yes,"Mediterraneibacter, Collinsella, [Ruminococcus] torques, Ruminococcus sp. Marseille-P328, Dorea sp. CAG:317, Blautia sp. CAG:257, [Ruminococcus] gnavus, Lachnoclostridium, Eggerthella lenta, Ruminococcaceae bacterium cv2, Eggerthella","Faecalibacterium, Faecalibacterium prausnitzii, Prevotella, Prevotella copri, Bifidobacterium adolescentis, Ruminococcus callidus, Streptococcus equinus, Faecalibacterium sp. CAG:74_58_120","LEfSe (LDA), Other",Figure/Table fallback (Top 5),,Lucas Patel,,,,,,,,,,
CattaneoCattane2017,https://pubmed.ncbi.nlm.nih.gov/27776263/,10.1016/j.neurobiolaging.2016.08.019,Association of brain amyloidosis with pro-inflammatory gut bacterial taxa and peripheral inflammation markers in cognitively impaired elderly.,2017,Italy,Europe,Other,Neurobiology of aging,Alzheimer’s disease (AD),Not Reported,Not reported,Escherichia/Shigella,"Bacteroides fragilis, Eubacterium rectale
",Other,Figure/Table fallback (Top 5),gradient/subtypes,Lucas Patel,"no microbiome profiling, direct primers for specific bacteria",,,,,,,,,
ChenChen2022,https://pubmed.ncbi.nlm.nih.gov/34996879/,10.1212/WNL.0000000000013225,Association of Fecal and Plasma Levels of Short-Chain Fatty Acids With Gut Microbiota and Clinical Severity in Patients With Parkinson Disease.,2022,Taiwan,Asia,Shotgun,Neurology,Parkinson’s disease (PD),Increase,Yes,N/A,N/A,Other,Main Text,,Lucas Patel,"no obvious DA, only taxa correlations with SCFA",,,,,,,,,
NagpalNeth2019,https://pubmed.ncbi.nlm.nih.gov/31477562/,10.1016/j.ebiom.2019.08.032,Modified Mediterranean-ketogenic diet modulates gut microbiome and short-chain fatty acids in association with Alzheimer's disease markers in subjects with mild cognitive impairment.,2019,United States,North America,16S,EBioMedicine,Alzheimer’s disease (AD),No Difference,Not reported,"Fimicutes, Proteobacteria, Tenericutes","Bacteroidetes, Verrucomicrobia",LEfSe (LDA),Main Text,intervention,Lucas Patel,,,,,,,,,,
ClasenYildirim2025,https://pubmed.ncbi.nlm.nih.gov/40420833/,10.1080/19490976.2025.2506843,Microbiome signatures of virulence in the oral-gut-brain axis influence Parkinson's disease and cognitive decline pathophysiology.,2025,Turkey,Asia,Shotgun,Gut microbes,"Parkinson’s disease (PD), Dementia",Decrease,Not reported,"Olsenella, Libanicoccus, Caecibacter, Hungatella","Butyricicoccus, Coprococcus, Dorea, Lachnospira, Romboutsia, Anaerostipes, Fusicatenibacter, Faecalibacterium, Roseburia, Blautia, Gemmiger",Other,Main Text,gradient/subtypes,Lucas Patel,"beta not reported for PD vs HC, only gut vs oral which is obviously significant; DA is Wilcoxon rank-sum test",,,,,,,,,
SterlinLarsen2021,https://pubmed.ncbi.nlm.nih.gov/33975914/,10.1212/NXI.0000000000000997,Perturbed Microbiota/Immune Homeostasis in Multiple Sclerosis.,2021,France,Europe,16S,Neurology(R) neuroimmunology & neuroinflammation,Multiple sclerosis (MS),No Difference,Not reported,Clostridium,"Prevotella, Coprococcus",Other,Main Text,,Lucas Patel,DA is Wilcoxon paired rank test,,,,,,,,,
KangKhatib2025,https://pubmed.ncbi.nlm.nih.gov/40604345/,10.1002/alz.70417,Gut microbiome compositional and functional features associate with Alzheimer's disease pathology.,2025,United States,North America,Shotgun,Alzheimer's & dementia : the journal of the Alzheimer's Association,"Alzheimer’s disease (AD), Dementia",No Difference,Yes,"Fusobacterium_A mortiferum, Fusobacterium nucleatum, Fusobacterium animalis, Nanogingivalis gingivitcus, Collinsella stercoris, Collinsella tanakaei","Cryptobacteroides spp., Clostridium_P perfringens, Turicibacter sanguinis, Prevotella hominis, Prevotella copri",Other,Main Text,,Lucas Patel,this is us! DA is BIRDMAn,,,,,,,,,
ZhangShen2023,https://pubmed.ncbi.nlm.nih.gov/37604976/,10.1038/s41380-023-02216-7,Transmission of Alzheimer's disease-associated microbiota dysbiosis and its impact on cognitive function: evidence from mice and patients.,2023,China,Asia,16S,Molecular psychiatry,"Alzheimer’s disease (AD), Dementia",Increase,Not reported,None,"Bacteroides uniforms,  Bilophila wadsworthia, Parabacteroides distasonis",Linear (e.g. MaAsLin),Main Text,,Lucas Patel,"this is mostly mouse work, small human component",,,,,,,,,
BrennerHiergeist2018,https://pubmed.ncbi.nlm.nih.gov/29065369/,10.1016/j.neurobiolaging.2017.09.023,The fecal microbiome of ALS patients.,2018,Germany,Europe,16S,Neurobiology of aging,Amyotrophic lateral sclerosis (ALS),No Difference,No,Ruminococcaceae (uncultured),None,Other,Main Text,,Lucas Patel,"I think they did like Kruskal-Wallis on each OTU with Bonferroni FDR correction, but it's unclear",,,,,,,,,
ParkKang2024,https://pubmed.ncbi.nlm.nih.gov/39218360/,10.1016/j.nbd.2024.106655,Difference in gut microbial dysbiotic patterns between body-first and brain-first Parkinson's disease.,2024,South Korea,Asia,Shotgun,Neurobiology of disease,Parkinson’s disease (PD),No Difference,Differing B/w Subgroups,"Escherichia coli group, E. fergusonii, Escherichia CP040443, E. ruysiae, Escherichia JAATUR, E. whittamii, Ruthenibacterium lactatiformans, E. albertii, E. marmotae, Citrobacter portucalensis","Prevotella copri, Faecalibacterium PRLE, F. duncaniae, Agathobacter rectalis, Dysosmobacter segnis, Lachnospira hominis, Oscillibacter PAC001129, F. prausnitzii, Oscillibacter PAC001187, Roseburia faecis",ANCOM,Supplementary File fallback (Top 5),gradient/subtypes;confounding disease,Lucas Patel,,,,,,,,,,
FanLin2025,https://pubmed.ncbi.nlm.nih.gov/40448221/,10.1186/s13195-025-01769-9,Compositional and functional gut microbiota alterations in mild cognitive impairment: links to Alzheimer's disease pathology.,2025,Taiwan,Asia,Shotgun,Alzheimer's research & therapy,"Alzheimer’s disease (AD), Dementia",No Difference,No,"Bacteroides thetaiotaomicron, Bifidobacterium dentium, Clostridium scindens, Clostridium symbiosum, Eisenbergiella tayi, Prevotella copri clade C, Ruminococcus torques, Streptococcus anginosus","Adlercreutzia equolifaciens, Alistipes communis, Bacteroides eggerthii, Bacteroides intestinalis, Bifidobacterium pseudocatenulatum, Clostridiaceae bacterium, Dialister hominis, Enterococcus faecium, Fusicatenibacter saccharivorans, Lacrimispora amygdalina, Parasutterella excrementihominis, Phocaeicola dorei, Roseburia faecis, Ruminococcus lactaris",Linear (e.g. MaAsLin),Main Text,,Lucas Patel,,,,,,,,,,
MetcalfeRoachCirstea2024,https://pubmed.ncbi.nlm.nih.gov/39192744/,10.1002/mds.29959,Metagenomic Analysis Reveals Large-Scale Disruptions of the Gut Microbiome in Parkinson's Disease.,2024,Canada,North America,Shotgun,Movement disorders : official journal of the Movement Disorder Society,Parkinson’s disease (PD),No Difference,Yes,"Alistipes indistinctus, Blautia obeum, Coprococcus catus, Ruthenibacterium lactatiformans","Blautia wexlerae, Roseburia intestinalis, Roseburia inulinivorans","Linear (e.g. MaAsLin), ANCOM, Other",Main Text,,Lucas Patel,"three way consensus DA with MaAsLin, ANCOM-BC, and ALDEx2",,,,,,,,,
SchwerdtfegerMontini2025,https://pubmed.ncbi.nlm.nih.gov/40344717/,10.1016/j.ebiom.2025.105721,Faecal mucoprotein MUC2 is decreased in multiple sclerosis and is associated with mucin degrading bacteria.,2025,United States,North America,16S,EBioMedicine,"Amyotrophic lateral sclerosis (ALS), Parkinson’s disease (PD)",Not Reported,Not reported,N/A,N/A,Other,Main Text,,Lucas Patel,"technically they do not report diversity of DA results in this paper, not focused on microbiome profiling but rather on microbiome-MUC2 correlations",,,,,,,,,
ThirionSellebjerg2023,https://pubmed.ncbi.nlm.nih.gov/36604748/,10.1186/s13073-022-01148-1,The gut microbiota in multiple sclerosis varies with disease activity.,2023,Denmark,Europe,Shotgun,Genome medicine,Multiple sclerosis (MS),Not Reported,Yes,"Dysosmobacter, Flavonifractor, Lawsonibacter, Hungatella, Bilophila, Gordonibacter, Anaerobutyricum, Pseudoflavonifractor, Blautia, Anaerotruncus, Erysipelatoclostridium, Ruminococcus, Selimonas, Coprobacillus, Clostridium","Haemophilus, Veillonella, Victivallis, Bifidobacterium, Streptococcus",Linear (e.g. MaAsLin),Main Text,,Megan Nelson,,,,,,,,,,
TrociHaas2025,https://pubmed.ncbi.nlm.nih.gov/40938657/,10.1177/1877718X251354931,Differences in intestinal microbiota in Parkinson's disease and isolated REM sleep behavior disorder.,2025,Germany,Europe,16S,Journal of Parkinson's disease,Parkinson’s disease (PD),No Difference,Yes,"Bacteroides, Citrobacter, Acidaminococcus, Lachnospiraceae (iRBD vs HC), Escherichia/Shigella (PD vs. HC)","Clostridium Cluster IV, Prevotella, Faecalibacterium (PD vs HC), ",DESeq,Main Text,confounding disease,Megan Nelson,Differing B/w Subgroups,,,,,,,,,
HensenThiele2025,https://pubmed.ncbi.nlm.nih.gov/40995781/,10.1080/19490976.2025.2554195,Metabolic modeling links gut microbiota to metabolic markers of Parkinson's disease.,2025,Ireland,Europe,Shotgun,Gut microbes,Parkinson’s disease (PD),Not Reported,Not reported,"Bacteroides, Bifidobacterium, Escheria, Methanobrevibacter ","Faecalibacterium, Eubacterium, Blautia",Linear (e.g. MaAsLin),Main Text,,Megan Nelson,,,,,,,,,,
LiLu2022,https://pubmed.ncbi.nlm.nih.gov/34695538/,10.1016/j.neuroscience.2021.10.011,"Oral, Nasal, and Gut Microbiota in Parkinson's Disease.",2022,China,Asia,16S,Neuroscience,Parkinson’s disease (PD),Differing B/w Subgroups,Differing B/w Subgroups,"Corynebacteriaceae (nasal),  Firmicutes (gut), Streptococcaceae (oral), Prevotellaceae (oral)","Bacteroidetes (gut), Neisseria (oral), Gammaproteobacteria (oral), Proteobacteria (oral)",LEfSe (LDA),Main Text,,Megan Nelson,,,,,,,,,,
ChenZeng2023,https://pubmed.ncbi.nlm.nih.gov/38661357/,10.1163/18762891-20220116,Correlation between APOE4 gene and gut microbiota in Alzheimer's disease.,2023,China,Asia,16S,Beneficial microbes,Alzheimer’s disease (AD),No Difference,Not reported,"Faecalibacterium, Bacteroides","Escherichia-Shigella, Clostridium",LEfSe (LDA),Main Text,,Megan Nelson,"Could not access full text, so only reported what I found in abstract here. I would appreciate it if the person who is checking my work has full access to this text",,,,,,,,,
BolliriFontana2022,https://pubmed.ncbi.nlm.nih.gov/35852145/,10.1002/ana.26454,Gut Microbiota in Monozygotic Twins Discordant for Parkinson's Disease.,2022,Italy,Europe,Shotgun,Annals of neurology,Parkinson’s disease (PD),No Difference,No,"Desulfovibrionaceae, Burkholderiaceae, Burkholderiaceae","Bacteroides, Biﬁdobacterium catenulatum",Other,Main Text,,Megan Nelson,,,,,,,,,,
ZhangPaul2022,https://doi.org/10.3233/JPD-223500,10.3233/JPD-223500,Parkinson’s Disease and the Gut Microbiome in Rural California,2022,United States,North America,16S,Journal of Parkinson’s Disease,Parkinson’s disease (PD),Decrease,Yes,Proteobacteria (p=0.0007); Verrucomicrobiota (p=0.0078); Actinobacteriota (p=0.0135; NS after constipation adjustment); UBA1819 (p<0.0001); DTU089 (p=0.0078); Akkermansia (p=0.0213); Enterococcus (p=0.0252); Hungatella (p=0.0312),,Other,Main Text,,Emily Song,,,,,,,,,,
MarizzoniMombelli2026,https://pubmed.ncbi.nlm.nih.gov/41093142/,10.1016/j.bbi.2025.106138,Microbiota-gut-brain axis dysregulation in Alzheimer's disease and its modulation through probiotic supplementation.,2026,Italy,Europe,16S,"Brain, behavior, and immunity",Alzheimer’s disease (AD),No Difference,Yes,"[Eubacterium] coprostanoligenes , Rhodospirillales, Desulfovibrio, CAG-352, Faecalitalea, and Negativibacillus","Fusicatenibacter, Clostridium sensu stricto 1, Intestinibacter",Linear (e.g. MaAsLin),Main Text,intervention,Megan Nelson,,,,,,,,,,
DengLi2024,https://pubmed.ncbi.nlm.nih.gov/38908272/,10.1016/j.envint.2024.108806,Association between environmental phthalates exposure and gut microbiota and metabolome in dementia with Lewy bodies.,2024,China,Asia,16S,Environment international,Dementia,Not Reported,Not reported,"Escherichia, Faecalibacterium","Bacteroides, Phocaeicola",Other,Main Text,,Megan Nelson,,,,,,,,,,
WangLi2022,https://doi.org/10.3233/JAD-220076,10.3233/JAD-220076,Intestinal Microflora Changes in Patients with Mild Alzheimer’s Disease in a Chinese Cohort,2022,China,Asia,16S,Journal of Alzheimer’s Disease,Alzheimer’s disease (AD),No Difference,Yes,Akkermansia (LEfSe LDA>2; p<0.01); Bifidobacterium (Metastats FDR p<0.05); Bacteroides (Metastats FDR p<0.05); Fusobacterium (Metastats FDR p<0.05); Anaerotruncus (Metastats FDR p<0.05); Clostridium (Metastats FDR p<0.05); Coprobacillus (Metastats FDR p<0.05); Enterobacter (Metastats FDR p<0.05); Robiginitalea (Metastats FDR p<0.05); Moryella (Metastats FDR p<0.05); Sutterella (Metastats FDR p<0.05); Pyramidobacter (Metastats FDR p<0.05),Anaerostipes (Metastats FDR p<0.05); Mitsuokella (Metastats FDR p<0.05); Prevotella (Metastats FDR p<0.05); Bosea (Metastats FDR p<0.05); Lachnobacterium (Metastats FDR p<0.05); Aeromicrobium (Metastats FDR p<0.05); Coprococcus (Metastats FDR p<0.05); Tsukamurella (Metastats FDR p<0.05); Ruminococcus (Metastats FDR p<0.05); Megamonas (Metastats FDR p<0.05); Comamonas (Metastats FDR p<0.05); Fimbriimonas (Metastats FDR p<0.05); Faecalibacterium (Metastats FDR p<0.05); Labrys (Metastats FDR p<0.05).,,Main Text,,Emily Song,,,,,,,,,,
KaurKumari2025,https://pubmed.ncbi.nlm.nih.gov/40720918/,10.1016/j.jneuroim.2025.578696,Gut dysbiosis influences the pathophysiology of multiple sclerosis: A case-control study from North India.,2025,India,Asia,16S,Journal of neuroimmunology,Multiple sclerosis (MS),Decrease,Yes,"Anaerostipes, Ruminococcus, Anaerobutyricum, Lachnoclostridium, Faecalibacterium, Bacteroides, Bifidobacterium, Deinococcus","Bacillus, Faecalibacterium prausnitzii ",Other,Main Text,,Megan Nelson,,,,,,,,,,
GuptaJanda2025,https://pubmed.ncbi.nlm.nih.gov/39819054/,10.1212/NXI.0000000000200355,Alterations in Gut Microbiome-Host Relationships After Immune Perturbation in Patients With Multiple Sclerosis.,2025,United States,North America,16S,Neurology(R) neuroimmunology & neuroinflammation,Multiple sclerosis (MS),Increase,Yes,"Monoglobus, Coprococcus (Iga+), Dorea  (Iga+), Emergencia  (Iga-), Oscillibacter (Iga-), Bifidobacterium (Iga-), Alistipes ",Faecalibacterium,Other,Main Text,,Megan Nelson,,,,,,,,,,
NakaharaNakane2023,https://pubmed.ncbi.nlm.nih.gov/36750613/,10.1038/s41598-023-29219-2,Gut microbiota of Parkinson's disease in an appendectomy cohort: a preliminary study.,2023,Japan,Asia,16S,Scientific reports,Parkinson’s disease (PD),No Difference,No,"Serratia, Enterobacteriacae","Prevotellaceae, Fusosobacteriaceae (PD/APP+ and HC/APP+)",Other,Main Text,gradient/subtypes,Megan Nelson,,,,,,,,,,
PalaciosWilkinson2023,https://pubmed.ncbi.nlm.nih.gov/37314861/,10.1002/ana.26719,Metagenomics of the Gut Microbiome in Parkinson's Disease: Prodromal Changes.,2023,United States,North America,Shotgun,Annals of neurology,Parkinson’s disease (PD),No Difference,No,"Bifidobacterium, Eisenbergiella tayi (recent onset PD), Clostridium leptum (recent onset PD),  Ruthenibacterium lactatiformans (recent onset PD)","Roseburia, Eubacterium, Oscillibacter, Bacteroides",Linear (e.g. MaAsLin),Main Text,gradient/subtypes,Megan Nelson,,,,,,,,,,
ZhangYuan2023,https://pubmed.ncbi.nlm.nih.gov/36420886/,10.5414/CP204285,Changes in the intestinal microbiota of patients with Parkinson's disease and their clinical significance.,2023,China,Asia,16S,International journal of clinical pharmacology and therapeutics,Parkinson’s disease (PD),Not Reported,Not reported,"Coriobacteriia, Coriobacteriaceae, Collinsella, Escherichia, Fusobacterium ",Lachnospiraceae,Other,Main Text,,Megan Nelson,,,,,,,,,,
BarichellaSevergnini2019,https://pubmed.ncbi.nlm.nih.gov/30576008/,10.1002/mds.27581,Unraveling gut microbiota in Parkinson's disease and atypical parkinsonism.,2019,Italy,Europe,16S,Movement disorders : official journal of the Movement Disorder Society,"Multiple system atrophy (MSA), Parkinson’s disease (PD)",Not Reported,Not reported,"Lactobacillaceae, Christensenellaceae ",Lachnospiraceae,Other,Main Text,gradient/subtypes,Megan Nelson,,,,,,,,,,
PetrovSaltykova2017,https://pubmed.ncbi.nlm.nih.gov/28429209/,10.1007/s10517-017-3700-7,Analysis of Gut Microbiota in Patients with Parkinson's Disease.,2017,Russia,Europe,16S,Bulletin of experimental biology and medicine,Parkinson’s disease (PD),Decrease,Yes,"Christensenella, Catabacter, Lactobacillus, Oscillospira, Bifidobacterium, Ruminococcus, Papillibacter cinnamivorans","Dorea, Bacteroides, Prevotella, Faecalibacterium, Stoquefichus, Blautia, Coprococcus, Ruminococcus callidus",Other,Main Text,,Megan Nelson,,,,,,,,,,
HertzbergSingh2022,https://pubmed.ncbi.nlm.nih.gov/33818222/,10.1080/21678421.2021.1904994,Gut microbiome differences between amyotrophic lateral sclerosis patients and spouse controls.,2022,United States,North America,16S,Amyotrophic lateral sclerosis & frontotemporal degeneration,Amyotrophic lateral sclerosis (ALS),Increase,No,,Prevotella ,Other,Main Text,,Megan Nelson,,,,,,,,,,
KaiyrlykyzyKozhakhmetov2022,https://pubmed.ncbi.nlm.nih.gov/36068280/,10.1038/s41598-022-19393-0,Study of gut microbiota alterations in Alzheimer's dementia patients from Kazakhstan.,2022,Kazakhstan,Asia,16S,Scientific reports,"Alzheimer’s disease (AD), Dementia",No Difference,No,"Acidobacteriota, Verrucomicrobiota, Planctomycetota, Synergistota","Faecalibacterium, Monoglobus, Eubacterium, Bacteroides, Gammaproteobacteria  ","Linear (e.g. MaAsLin), LEfSe (LDA)",Main Text,,Megan Nelson,,,,,,,,,,
KeshavarzianGreen2015,https://pubmed.ncbi.nlm.nih.gov/26179554/,10.1002/mds.26307,Colonic bacterial composition in Parkinson's disease.,2015,United States,North America,16S,Movement disorders : official journal of the Movement Disorder Society,Parkinson’s disease (PD),Not Reported,Not reported,Ralstonia (mucosa),"Blautia (feces), Coprococcus (feces), Roseburia (feces), Faecalibacterium (mucosa)",Other,Main Text,,Megan Nelson,,,,,,,,,,
KhedrOmeran2022,https://doi.org/10.3233/JAD-220176,10.3233/JAD-220176,Alteration of Gut Microbiota in Alzheimer’s Disease and Their Relation to the Cognitive Impairment,2022,Egypt,Africa,16S,Journal of Alzheimer’s Disease,Alzheimer’s disease (AD),Not Reported,Not reported,"Akkermansia (AD>Ctrl, qPCR p<0.05); Enterobacteria (p<0.05); Bacteroidetes (p<0.05); Bacillus cereus (p<0.05); Prevotella (p<0.05); Clostridium cluster IV (p<0.05)",Bifidobacterium spp. (p<0.05); Firmicutes (p<0.05); Actinobacteria (p<0.05).,,Main Text,,Emily Song,,,,,,,,,,
HopfnerKünstner2017,https://pubmed.ncbi.nlm.nih.gov/28506555/,10.1016/j.brainres.2017.04.019,Gut microbiota in Parkinson disease in a northern German cohort.,2017,Germany,Europe,16S,Brain research,Parkinson’s disease (PD),No Difference,Yes,"Lactobacillacae, Barnesiellaceae, Enterococcacea",,Other,Main Text,,Megan Nelson,,,,,,,,,,
NuzumSzymlekGay2023,https://doi.org/10.1016/j.neuropharm.2023.109566,10.1016/j.neuropharm.2023.109566,Differences in the gut microbiome across typical ageing and in Parkinson's disease.,2023,Australia,Oceania,Shotgun,Neuropharmacology,Parkinson’s disease (PD),No Difference,No,Bifidobacterium bifidum,Butyricimonas synergistica,Linear (e.g. MaAsLin),Main Text,,Jessica Han,"Unclear about differential taxa. Kinda grasping at straws just to be safe, but I'd lean more towards the paper not finding any based on our standards",,,,,,,,,
QianBao2025,https://doi.org/10.1007/s12035-024-04271-9,10.1007/s12035-024-04271-9,Multi-omics Analysis Reveals Key Gut Microbiota and Metabolites Closely Associated with Huntington's Disease.,2025,China,Asia,Shotgun,Molecular neurobiology,Huntington’s disease (HD),No Difference,No,"Bacteroides, Faecalibacterium, Parabacteroides, Alistipes, Dialister, Christensenella; Genus: Afonbuvirus, Candidatus-Aphodousia, Christensenella ","Lachnospira, Roseburia, Clostridium, Ruminococcus, Blautia, Butyricicoccus, Agathobaculum, Phocaeicola, Coprococcus, Fusicatenibacter, Genus: unclassified−f−Lachnospiraceae, Butyricicoccus, Coprococcus, Coprobacillus, Fusicatenibacter, and Agathobaculum",Other,Main Text,,Jessica Han,,,,,,,,,,
LuYang2022,https://doi.org/10.3389/fneur.2022.834403,10.3389/fneur.2022.834403,Gut Microbiota and Targeted Biomarkers Analysis in Patients With Cognitive Impairment,2022,China,Asia,16S,FRONTIERS IN NEUROLOGY,Other,No Difference,Yes,"Hungatella, Desulfovibrio, RuminococcaceaeUCG_005, Sutterella, FamilyXIIAD3011group, Anaerotruncus, EC_Eubacterium_xylanophilumgroup, Slackia, ChristensenellaceaeR_7group, Eubacterium, EC_Eubacterium_brachygroup, RuminococcaceaeUCG_004, Butryicimonas, Akkermansia, Methanobrevibacter, Streptococcus, Ruminococcus2, Lactobacillus","Blautia, Roseburia, Fusicatenibacter, Anaerostipes, Phascolarctobacterium, Lachnospiraceae_g, RuminococcaceaeUCG_013, Paraprevotella, Lactococcus, Bilophila, Tyzzerela3",LEfSe (LDA),Main Text,,Jessica Han,,,,,,,,,,
RowinXia2017,https://doi.org/10.14814/phy2.13443,10.14814/phy2.13443,Gut inflammation and dysbiosis in human motor neuron disease.,2017,United States,North America,16S,Physiological reports,Amyotrophic lateral sclerosis (ALS),Not Reported,Not reported,N/A,N/A,Other,Main Text,,Jessica Han,,,,,,,,,,
YanYang2021,https://doi.org/10.1016/j.micpath.2021.105187,10.1016/j.micpath.2021.105187,Alterations of gut microbiota and metabolome with Parkinson's disease.,2021,China,Asia,16S,Microbial pathogenesis,Parkinson’s disease (PD),Increase,Yes,"Alistipes, Rikenellaceae_RC9_gut_group, Bifidobacterium, Parabacteroides, Actinobacteria, Tannerellaceae, Parabacteroides, Bifidobacteriales, Bifidobacteriaceae",Faecalibacterium,LEfSe (LDA),Main Text,,Jessica Han,,,,,,,,,,
LinZheng2018,https://doi.org/10.1016/j.parkreldis.2018.05.007,10.1016/j.parkreldis.2018.05.007,Gut microbiota in patients with Parkinson's disease in southern China.,2018,China,Asia,16S,Parkinsonism & related disorders,Parkinson’s disease (PD),No Difference,No,"Eubacteriaceae (p = 0.008), Bifidobacteriaceae (p = 0.0003), Aerococcaceae (p = 0.0257), Desulfovibrionaceae (p = 0.0010)","Tenericutes (p = 0.0306), Euryarchaeota (p = 0.0277), Firmicutes (p = 0.0459), Streptococcaceae (p = 0.016), Methylobacteriaceae (p = 0.0002)",LEfSe (LDA),Figure/Table fallback (Top 5),,Jessica Han,Extract from Table 2,,,,,,,,,
OzaydinAksunErdogan2024,https://doi.org/10.55730/1300-0144.5825,10.55730/1300-0144.5825,Is gut microbiota of patients with ALS different from that of healthy individuals?,2024,Turkey,Middle East,16S,Turkish Journal of Medical Sciences,Amyotrophic lateral sclerosis (ALS),No Difference,Not reported,Atopobiaceae; Actinomycetaceae; Erysipelatoclostridiaceae; Peptococcaceae; Bacilli; Coriobacteriia; Actinomycetales; Coriobacteriales; Actinomyces; Prevotella; Bacteroides; Succinivibrio; Faecalibacterium,Succinivibrionaceae; Lachnospiraceae,,Main Text,,Emily Song,,,,,,,,,,
NavarroLópezMéndezMiralles2022,https://doi.org/10.3390/genes13050930,10.3390/genes13050930,Gut Microbiota as a Potential Predictive Biomarker in Relapsing-Remitting Multiple Sclerosis.,2022,Spain,Europe,16S,Genes,Multiple sclerosis (MS),Decrease,No,"Ezakiella (p = 0.005), Ruminococcaceae (p = 0.006), Hungatella (p = 0.02), Clostridium (p = 0.03), Shuttleworthia (p = 0.04)","Lachnospiraceae (p = 0.001), Roseburia (p = 0.02)",Other,Main Text,,Jessica Han,,,,,,,,,,
NicholsonBjornevik2021,https://doi.org/10.1080/21678421.2020.1828475,10.1080/21678421.2020.1828475,The human gut microbiota in people with amyotrophic lateral sclerosis.,2021,United States,North America,Both,Amyotrophic lateral sclerosis & frontotemporal degeneration,Amyotrophic lateral sclerosis (ALS),No Difference,No,"Prevotella copri, Phascolarcobacterium succinatutens, Bacteroides clarus, Dorea, Escherichia","Eubacterium rectale, Roseburia intestinalis, Bifidobacterium longum, Ruminococcus sp 5 1 39BFAA, Eubacterium eligens, Ruminococcus lactaris",LEfSe (LDA),Figure/Table fallback (Top 5),,Jessica Han,,,,,,,,,,
LeeJo2025,https://doi.org/10.1186/s40168-025-02095-w,10.1186/s40168-025-02095-w,Distinct gut microbiome characteristics and dynamics in patients with Parkinson’s disease based on the presence of premotor rapid-eye movement sleep behavior disorders,2025,South Korea,Asia,Both,Microbiome,Parkinson’s disease (PD),Not Reported,Yes,Akkermansia (p=4.41e-02); Barnesiella (p=1.31e-02); Eisenbergiella (p=7.07e-04); Desulfovibrio (p=7.33e-03); Hungatella (p=4.42e-04); Erysipelatoclostridium (p=1.51e-02); Leuconostoc (p=7.19e-04),Prevotella (p=3.15e-02); Faecalibacterium (p=5.74e-04); Agathobaculum (p=2.97e-04); RBD−: ↑ Coprobacter (p=7.86e-04),,Main Text,gradient/subtypes;confounding disease,Emily Song,,,,,,,,,,
YoonKang2024,https://doi.org/10.1080/1028415X.2023.2253025,10.1080/1028415X.2023.2253025,Dietary quality and the gut microbiome in early-stage Parkinson's disease patients.,2024,South Korea,Asia,16S,Nutritional neuroscience,Parkinson’s disease (PD),Not Reported,Not reported,"Lactobacillus, Bifidobacterium","Prevotella _VZCB, Faecalibacterium_GG697149, Faecalibacterium_GL538271, Faecalibacterium_prausnitzii",Other,Main Text,,Jessica Han,,,,,,,,,,
MehannaAbuRaya2023,https://doi.org/10.1186/s12866-023-02933-7,10.1186/s12866-023-02933-7,Study of the gut microbiome in Egyptian patients with Parkinson's Disease.,2023,Egypt,Africa,16S,BMC microbiology,Parkinson’s disease (PD),No Difference,No,Bacteroides,"Firmicutes, Bifidobacteria",Other,Main Text,,Jessica Han,,,,,,,,,,
ElsayedValenzuela2023,https://doi.org/10.1038/s41598-023-43217-4,10.1038/s41598-023-43217-4,Genetic risk score in multiple sclerosis is associated with unique gut microbiome.,2023,United States,North America,16S,Scientific reports,Multiple sclerosis (MS),Increase,Yes,NA,NA,Other,Main Text,,Jessica Han,Differential taxa between clusters rather than case vs control,,,,,,,,,
HosseinkhaniChevalier2025,https://doi.org/10.1002/alz.70844,10.1002/alz.70844,Plasma and feces multiomics unveil cognition-associated perturbations of chronic inflammatory pathways of the gut-microbiota-brain axis.,2025,Netherlands,Europe,16S,Alzheimer's & dementia : the journal of the Alzheimer's Association,Dementia,Decrease,No,"Akkermansia, Verrucomicrobiae, Collineslla, Coriobacteriaceae, Flavonifractor","Bacteroidia, Faecalibacterium, Subdoligranulum, Roseburia, Coprococcus",LEfSe (LDA),Figure/Table fallback (Top 5),gradient/subtypes,Jessica Han,"Comparing dementia w/ HC, depsite also have subtypes of MCI, etc",,,,,,,,,
CantarelWaubant2015,https://doi.org/10.1097/JIM.0000000000000192,10.1097/JIM.0000000000000192,Gut microbiota in multiple sclerosis: possible influence of immunomodulators.,2015,United States,North America,16S,Journal of investigative medicine,Multiple sclerosis (MS),Not Reported,Not reported,Ruminococcus,"Bacteroidaceae, Faecalibacterium",Other,Main Text,intervention,Jessica Han,,,,,,,,,,
DuDong2020,https://doi.org/10.3389/fimmu.2020.603594,10.3389/fimmu.2020.603594,Altered Gut Microbiota Related to Inflammatory Responses in Patients With Huntington's Disease.,2020,China,Asia,16S,Frontiers in immunology,Huntington’s disease (HD),Increase,No,"Phylum: Actinobacteria; Class: Deltaproteobacteria; Order: Desulfovibrionales; Family: Oxalobacteraceae, Lactobacillaceae, Desulfovibrionaceae; Genus: Intestinimonas, Bilophila, Lactobacillus, Oscillibacter, Gemmiger, Dialister",Genus: Clostridium XVIII,LEfSe (LDA),Main Text,,Jessica Han,"Beta diversity: ""Significant differences were also found in β-diversity based on the unweighted (qualitative, Adonis R2 = 0.03, p = 0.02) but not the weighted (quantitative, Adonis R2 = 0.022, p = 0.197)""",,,,,,,,,
TrociZimmermann2022,https://doi.org/10.1038/s41598-022-07336-8,10.1038/s41598-022-07336-8,B-cell-depletion reverses dysbiosis of the microbiome in multiple sclerosis patients.,2022,Germany,Europe,16S,Scientific reports,Multiple sclerosis (MS),Decrease,Yes,"Parasutterella, Clostridium_XVII, Bacteroidales, Prevotella, Alistipes","Akkermansia, Bacteroides, Raoultella, Clostridiales, Turicibacter",Linear (e.g. MaAsLin),Main Text,intervention,Jessica Han,"Gut Alpha diversity: ""We observed a generally lower alpha diversity in stool of MS patients that was again found to be more pronounced in MS-O patients (Fig. 2B, pShannon HC vs. MS-O = 0.017, pShannon HC vs. MS-nO = 0.109)""; Oral Alpha diversity was not significant, but Beta was",,,,,,,,,
LuoChen2022,https://doi.org/10.3389/fimmu.2022.869846,10.3389/fimmu.2022.869846,"Gut microbiota composition reflects disease progression, severity and outcome, and dysfunctional immune responses in patients with hypertensive intracerebral hemorrhage",2022,China,Asia,16S,FRONTIERS IN IMMUNOLOGY,Stroke,Increase,Yes,"Enterococcaceae, Parabacteroides, Alistipes_onderdonkii, Lachnoclostridium, Streptococcaceae","Prevotella, Prevotellaceae_bacterium_Marseille_P2831, Faecalibacterium, Bacteroides_coprophilus, Bacteroides_eggerthii",LEfSe (LDA),Figure/Table fallback (Top 5),,Jessica Han,,,,,,,,,,
DuZhang2024,https://doi.org/10.1002/mds.29803,10.1002/mds.29803,Idiopathic Rapid Eye Movement Sleep Behavior Disorder (iRBD) Shares Similar Fecal Short-Chain Fatty Acid Alterations with Multiple System Atrophy (MSA) and Parkinson's Disease (PD).,2024,China,Asia,16S,Movement disorders : official journal of the Movement Disorder Society,"Multiple system atrophy (MSA), Parkinson’s disease (PD)",Not Reported,Not reported,NA,NA,Other,Main Text,,Jessica Han,"Would double check ""Associations Between Fecal SCFAs and Gut Microbiota"" section",,,,,,,,,
RomoVaqueroFernándezVillalba2022,https://doi.org/10.1039/d2fo00552b,10.1039/d2fo00552b,Urolithins: potential biomarkers of gut dysbiosis and disease stage in Parkinson's patients.,2022,Spain,Europe,16S,Food & function,Parkinson’s disease (PD),No Difference,Yes,"Enterobacteriaceae, Desulfovibrionaceae, Lactobacillaceae, Enterococcaceae, Actinomycetaceae, Escherichia-Shigella, Klebsiella, Desulfovibrio, Bilophila, Lactobacillus, Enterococcus, Actinomyces","Clostridia, Ruminococcaceae, Lachnospiraceae, Faecalibacterium, Anaerostipes, Clostridium XVIII cluster, Lachnospiraceae incertae sedis",LEfSe (LDA),Main Text,,Jessica Han,,,,,,,,,,
WanapaisanChuansangeam2022,https://doi.org/10.1159/000526947,10.1159/000526947,Association between Gut Microbiota with Mild Cognitive Impairment and Alzheimer's Disease in a Thai Population.,2022,Thailand,Asia,16S,Neuro-degenerative diseases,Alzheimer’s disease (AD),No Difference,No,"Escherichia-Shigella (p = 0.0002), Bacteroides (p = 0.0014), Holdemanella (p < 0.0001), Romboutsia (p = 0.001), Megamonas (p = 0.047)","Clostridium sensu stricto 1 (p < 0.0001), Fusicatenibacter (p = 0.0007), Lachnospiraceae (p = 0.001), Agathobacter (p = 0.021), Fecalibacterium (p < 0.0001)",DESeq,Main Text,,Jessica Han,Also assess Mild Cognitive Impairment (gradient),,,,,,,,,
Rustvan2025,https://doi.org/10.1016/j.neuroscience.2025.04.050,10.1016/j.neuroscience.2025.04.050,Association between the relative abundance of butyrate-producing and mucin-degrading taxa and Parkinson's disease.,2025,South Africa,Africa,16S,Neuroscience,Parkinson’s disease (PD),No Difference,Yes,"Victivallis (q < 0.001), Akkermansia (q = 0.015)","Lachnospiraceae (q = 0.028), Pasteurellaceae (q = 0.004), Peptostreptococcaceae (q < 0.001), Clostridiaceae (q = 0.015), Faecalibacterium (q = 0.007), Roseburia (q = 0.030), Dorea (q = 0.015), Clostridium (q = 0.016), Veillonella (q < 0.001)",ANCOM,Main Text,,Jessica Han,,,,,,,,,,
BabacanKayacan2023,https://pubmed.ncbi.nlm.nih.gov/36719617/,10.1007/s13760-023-02195-0,Altered gut microbiota in patients with idiopathic Parkinson's disease: an age-sex matched case-control study.,2023,Turkey,Europe,16S,Acta neurologica Belgica,Parkinson’s disease (PD),No Difference,Not reported,Lactobacillaceae and Akkermansiaceae; Lactobacillus,"Coriobacteriales; Lachnospiraceae ND3007 group, Tyzzerella, Fusicatenibacter, Eubacterium hallii group, and Ruminococcus gauvreauii group",Linear (e.g. MaAsLin),Main Text,,Jason A. Rothman,,,,,,,,,,
QianYang2020,https://pubmed.ncbi.nlm.nih.gov/32844199/,10.1093/brain/awaa201,Gut metagenomics-derived genes as potential biomarkers of Parkinson's disease.,2020,China,Asia,Shotgun,Brain : a journal of neurology,Parkinson’s disease (PD),Increase,Yes,Phyla Synergistetes and Verrucomicrobia,,Other,Main Text,,Jason A. Rothman,,,,,,,,,,
LiLiu2025,https://pubmed.ncbi.nlm.nih.gov/40340433/,10.1128/msphere.00590-24,Alterations of fecal microbiota and plasma metabolome in patients with Parkinson's disease with rapid eye movement sleep disorder.,2025,China,Asia,16S,mSphere,Parkinson’s disease (PD),No Difference,Yes,Christensenellales,,LEfSe (LDA),Main Text,gradient/subtypes;confounding disease,Jason A. Rothman,"Also includes Idiopathic RBD patients; authors list many significant differences in the main text, but no directionality",,,,,,,,,
ZhouWang2021,https://pubmed.ncbi.nlm.nih.gov/33814442/,10.3233/JAD-201497,Gut Microbiota Changes and Their Correlation with Cognitive and Neuropsychiatric Symptoms in Alzheimer's Disease.,2021,China,Asia,16S,Journal of Alzheimer's disease : JAD,"Alzheimer’s disease (AD), Dementia",Decrease,Yes,"Genus Bifidobacterium (p = 0.031) and species Actinomyces viscosus (p = 0.007) from Actinobacteria, genus Sphingomonas (p = 0.022), Bilophila (p = 0.004), and Neorhizobium (p = 0.027) all from Proteobacteria, and genus Flavobacterium (p = 0.015), Moheibacter (p = 0.019), Lactobacillus (p = 0.005), Weissella (p = 0.025), Blautia (p = 0.047), Clostridium_XlVa (p = 0.032), and Solobacterium (p = 0.005)","genus Odoribacter (p = 0.008), Eubacterium (p = 0.006), Anaerobacterium (p < 0.001), and Papillibacter (p < 0.001)",LEfSe (LDA),Main Text,,Jason A. Rothman,,,,,,,,,,
TanChong2021,https://pubmed.ncbi.nlm.nih.gov/33274480/,10.1002/ana.25982,Gut Microbial Ecosystem in Parkinson Disease: New Clinicobiological Insights from Multi-Omics.,2021,Canada,North America,16S,Annals of neurology,Parkinson’s disease (PD),No Difference,Yes,"Bacteroides fragilis, Lactobacillus acidophilus, unclassified Megasphaera, and unclassified Gammaproteobacteria. Five genera were significantly increased in PD (Cloacibacillus, Catabacter, Christensenella, Butyrivibrio, and Bifidobacterium)",,DESeq,Main Text,,Jason A. Rothman,,,,,,,,,,
HaranBhattarai2019,https://pubmed.ncbi.nlm.nih.gov/31064831/,10.1128/mBio.00632-19,Alzheimer's Disease Microbiome Is Associated with Dysregulation of the Anti-Inflammatory P-Glycoprotein Pathway.,2019,United States,North America,Shotgun,mBio,"Alzheimer’s disease (AD), Dementia",Not Reported,Yes,"AD: Bacteroides spp. (P = 0.031), Alistipes spp. (P < 0.001), Odoribacter spp. (P < 0.001), and Barnesiella spp. (P = 0.023), other dementias: Odoribacter spp. (P = 0.025) and Barnesiella spp. (P = 0.024)","AD: Lachnoclostridium spp. (P = 0.048) , other dementias: Eubacterium spp. (P < 0.001), Roseburia spp. (P = 0.034), Lachnoclostridium spp. (P = 0.048), and Collinsella spp. (P < 0.001)",Other,Main Text,gradient/subtypes,Jason A. Rothman,,,,,,,,,,
PietrucciCerroni2019,https://pubmed.ncbi.nlm.nih.gov/31174953/,10.1016/j.parkreldis.2019.06.003,Dysbiosis of gut microbiota in a selected population of Parkinson's patients.,2019,Italy,Europe,16S,Parkinsonism & related disorders,Parkinson’s disease (PD),No Difference,Yes,"Lactobacillaceae, Enterobacteriaceae and Enterococcaceae families",Lachnospiraceae ,Other,Main Text,,Jason A. Rothman,,,,,,,,,,
LwereMuwonge2025,https://pubmed.ncbi.nlm.nih.gov/40258729/,10.1097/MD.0000000000042100,Characterization of the gut microbiome in Alzheimer disease and mild cognitive impairment among older adults in Uganda: A case-control study.,2025,Uganda,Africa,16S,Medicine,Alzheimer’s disease (AD),Decrease,Not reported,Obesumbacterium (P = .00468),"Acidobacteria and Firmicutes; Ochrobactrum (P = 7e−07), Mesorhizobium (P = 8e−05), and Streptococcus (P = .00021)",LEfSe (LDA),Main Text,,Jason A. Rothman,"This paper doesn't report statistics correctly, or sometimes at all.",,,,,,,,,
TeigenMcCarter2024,https://pubmed.ncbi.nlm.nih.gov/39426329/,10.1016/j.parkreldis.2024.107176,Taxonomic intestinal microbiota differences in Lewy body spectrum disease and cohabitant controls.,2024,United States,North America,16S,Parkinsonism & related disorders,Other,No Difference,Yes,,"Lachnospiraceae, Faecalibacterium, and Alistipes",Other,Main Text,,Jason A. Rothman,Lewy body disease,,,,,,,,,
VacarasMuresanu2023,The role of multiple sclerosis therapies on the dynamic of human gut microbiota - PubMed,10.1016/j.jneuroim.2023.578087,The role of multiple sclerosis therapies on the dynamic of human gut microbiota.,2023,Greece,Europe,16S,Journal of neuroimmunology,Multiple sclerosis (MS),No Difference,No,"Lentisphaerae phylum (p = 0.005), Prevotella stercorea species (p = 0.02) , ","Actinobacteria phylum (p = 0.01), with its species Bifidobacterium (p = 0.01) and Bifidobacterium adolescentis (p = 0.007), also decreased level of Bacteroides coprophilus (p = 0.02) (from Bacteroidetes phylum). Firmicutes phylum has reduced relative abundance of Faecalibacterium prausnitzii (p = 0.03), Lachnospiraceae (p = 0.01), Staphylococcus hominis (p = 0.02) and Staphylococcus bacterium (p = 0.02). Proteobacteria phylum has a decreased in Haemophilus (p = 0.04) and Escherichia coli (p = 0.04).",LEfSe (LDA),Main Text,intervention,Jason A. Rothman,,,,,,,,,,
GuoPeng2021,https://pubmed.ncbi.nlm.nih.gov/33523001/,10.3233/JAD-201040,Gut Microbiome Features of Chinese Patients Newly Diagnosed with Alzheimer's Disease or Mild Cognitive Impairment,2021,United States,North America,16S,Bioscience Reports,Alzheimer’s disease (AD),Not Reported,Yes,Prevotella_9; Prevotella_9 (uncultured bacterium); Eubacterium eligens group (MCI),Bacteroides; Lachnospira; Ruminiclostridium_9; Bacteroides fragilis,,Main Text,,Emily Song,,,,,,,,,,
LiWu2017,https://pubmed.ncbi.nlm.nih.gov/28536926/,10.1007/s11427-016-9001-4,Structural changes of gut microbiota in Parkinson's disease and its correlation with clinical features.,2017,China,Asia,16S,Science China. Life sciences,Parkinson’s disease (PD),No Difference,Not reported,"Acidaminococcus, Acinetobacter, Enterococcus, Escherichia-Shigella, Megamonas,
Megasphaera, Proteus, Streptococcus","Blautia, Faecalibacterium, Ruminococcus ",Other,Main Text,,Jason A. Rothman,,,,,,,,,,
QianYang2018,https://pubmed.ncbi.nlm.nih.gov/29501802/,10.1016/j.bbi.2018.02.016,Alteration of the fecal microbiota in Chinese patients with Parkinson's disease.,2018,China,Asia,16S,"Brain, behavior, and immunity",Parkinson’s disease (PD),Increase,Yes,"Alistipes, Paraprevotella, Klebesiella, Sphingomonas, Acinetobacter, Aquabacterium, Desulfovibrio, Clostridium IV, Lachnospiracea incertae sedis, Butyricicoccus, Clostridium XVIII and Nitrososphaera",Lactobacillus and Sediminibacterium ,LEfSe (LDA),Main Text,,Jason A. Rothman,,,,,,,,,,
ChenXu2022,https://www.frontiersin.org/articles/10.3389/fcimb.2022.942460/full,10.3389/fcimb.2022.942460,A comparison of the composition and functions of the oral and gut microbiotas in Alzheimer’s patients,2022,China,Asia,16S,Frontiers in Cellular and Infection Microbiology,"Alzheimer’s disease (AD), Dementia",Not Reported,Yes,Streptococcus (moderate AD>NC; p<0.05; human oral); Veillonella (moderate AD>NC; p<0.05; human oral); Leptotrichia (mild & moderate AD>NC; p=0.002; human oral); Enterobacteriaceae/Escherichia_Shigella (moderate AD>NC; p<0.05; human fecal); Verrucomicrobia/Akkermansia (moderate AD>NC; p<0.05; human fecal); Actinobacteria/Bifidobacterium (mild & moderate AD>NC; p<0.05; human fecal),Aggregatibacter (moderate AD<NC; p<0.05; human oral); Lautropia (moderate AD<NC; p<0.05; human oral). GUT—↓ Erysipelotrichia/Erysipelotrichales (moderate AD<NC; p<0.05; human fecal); Acidaminococcaceae/Phascolarctobacterium (moderate AD<NC; p<0.05; human fecal); Clostridium_IV (moderate AD<NC; p<0.05; human fecal); Bacteroidaceae/Bacteroides & Parabacteroides (moderate AD<NC; p<0.05; human fecal),,Main Text,gradient/subtypes,Emily Song,,,,,,,,,,
LubomskiXu2022,https://pubmed.ncbi.nlm.nih.gov/34128115/,10.1007/s00415-021-10657-9,The impact of device-assisted therapies on the gut microbiome in Parkinson's disease.,2022,,Oceania,16S,Journal of neurology,Parkinson’s disease (PD),No Difference,Yes,,,Other,Main Text,intervention,Jason A. Rothman,"DA between disease and HC was not tested, only between two different treatment regimen.",,,,,,,,,
ZengShen2020,https://pubmed.ncbi.nlm.nih.gov/32747678/,10.1038/s41598-020-69845-8,The alteration of gut microbiome and metabolism in amyotrophic lateral sclerosis patients.,2020,China,Asia,Both,Scientific reports,Amyotrophic lateral sclerosis (ALS),Increase,Yes,"Bacteroidetes (42.23 vs. 26.46%, P = 0.0045) at the phylum level, as well as Kineothrix (0.0021 vs. 0%, P = 0.009), Parabacteroides (0.32 vs. 0.01%, P = 0.011), Odoribacter (2.61 vs. 1.87%, P = 0.0156), Sporobacter (0.12 vs. 0.02%, P = 0.0137), Eisenbergiella (0.21% vs. 0.07%, P = 0.0289), Mannheimia (0.12 vs. 0.02%, P = 0.0439), Anaerotruncus (0.03 vs. 0.02%, P = 0.0417) and unclassified Porphyromonadaceae (0.0097 vs. 0.0072%, P = 0.01)","Firmicutes (45.29 vs. 59.75%, P = 0.0248) at the phylum level and Megamonas (1.48 vs. 7.54%, P = 0.0335)",LEfSe (LDA),Main Text,,Jason A. Rothman,Weighted and unweighted ANOSIM showed different result.,,,,,,,,,
AhoPereira2019,https://pubmed.ncbi.nlm.nih.gov/31221587/,10.1016/j.ebiom.2019.05.064,Gut microbiota in Parkinson's disease: Temporal stability and relations to disease progression.,2019,,Europe,16S,EBioMedicine,Parkinson’s disease (PD),No Difference,Yes,,,"ANCOM, DESeq, Other",Main Text,,Jason A. Rothman,3 different DA methods were used and compared. Main text did not indicate the directionality of DA between PD and HC.,,,,,,,,,
DuWang2025,https://pubmed.ncbi.nlm.nih.gov/40717466/,10.1111/cns.70541,Effect of Probiotics Supplementation on REM Sleep Behavior Disorder and Motor Symptoms in Parkinson's Disease: A Pilot Study.,2025,China,Asia,16S,CNS neuroscience & therapeutics,Parkinson’s disease (PD),No Difference,No,"p_Actinobacteriota and c_Negativicutes, Gordonibacter and Peptoniphilus coxii, Bacillus sp._SB47, Streptococcus_mutans_U2B, and Lactobacillus_casei","Lactococcus, Comamonas, and Enterococcus, Enterococcus_faecium, Comamonas_kerstersii, and Ruminococcaceae_bacterium GD-1 ",LEfSe (LDA),Main Text,intervention,Jason A. Rothman,,,,,,,,,,
KozhievaNaumova2019,https://pubmed.ncbi.nlm.nih.gov/31888483/,10.1186/s12866-019-1685-2,Primary progressive multiple sclerosis in a Russian cohort: relationship with gut bacterial diversity.,2019,Russia,Europe,16S,BMC microbiology,Multiple sclerosis (MS),No Difference,Not reported,"Verrucomicrobiae, Deltaproteobacteria",Clostridia,Other,Main Text,,Jason A. Rothman,,,,,,,,,,
ChenChia2016,https://pubmed.ncbi.nlm.nih.gov/27346372/,10.1038/srep28484,Multiple sclerosis patients have a distinct gut microbiota compared to healthy controls.,2016,United States,North America,16S,Scientific reports,Multiple sclerosis (MS),No Difference,Yes,"Pseudomonas (Proteobactreia), Pedobacter (Bacteroidetes), Blautia (Firmicutes), Dorea (Firmicutes), and Mycoplana (Proteobactreia)","Adlercreutzia (Actinobacteria), Collinsella (Actinobacteria), Lactobacillus (Firmicutes) and Parabacteroides (Bacteriodetes)",Other,Main Text,,Jason A. Rothman,,,,,,,,,,
LinLin2025,https://pubmed.ncbi.nlm.nih.gov/40606636/,10.3389/fcimb.2025.1594152,Anxiety-related gut microbiota alterations in Parkinson's disease: distinct associations compared to healthy individuals.,2025,Taiwan,Asia,16S,Frontiers in cellular and infection microbiology,Parkinson’s disease (PD),No Difference,Differing B/w Subgroups,"PD-Anxious: Ruminococcaceae, Bacteroides intestinalis ",PD-Anxious: Escherichia-Shigella,Linear (e.g. MaAsLin),Main Text,gradient/subtypes;confounding disease,Jason A. Rothman,,,,,,,,,,
MazziniMogna2018,https://pubmed.ncbi.nlm.nih.gov/29782468/,10.1097/MCG.0000000000001042,Potential Role of Gut Microbiota in ALS Pathogenesis and Possible Novel Therapeutic Strategies.,2018,Italy,Europe,,Journal of clinical gastroenterology,Amyotrophic lateral sclerosis (ALS),,,,,,Main Text,intervention,Jason A. Rothman,"This is a presentation abstract, not a paper.",,,,,,,,,
ZhangYue2020,https://pubmed.ncbi.nlm.nih.gov/33099131/,10.1016/j.parkreldis.2020.10.034,Altered gut microbiota in Parkinson's disease patients/healthy spouses and its association with clinical features.,2020,China,Asia,16S,Parkinsonism & related disorders,Parkinson’s disease (PD),Increase,Yes,"Firmicutes, Actinobacteria, Verrucomicrobia","Bacteroidetes, Fusobacteria",LEfSe (LDA),Main Text,,Jake Castillo,,,,,,,,,,
ZhangMa2022,https://pubmed.ncbi.nlm.nih.gov/35599486/,10.3233/JAD-220101,Crosstalk Between Gut Microflora and Vitamin D Receptor SNPs Are Associated with the Risk of Amnestic Mild Cognitive Impairment in a Chinese Elderly Population.,2022,China,Asia,16S,Journal of Alzheimer's disease : JAD,Alzheimer’s disease (AD),Differing B/w Subgroups,Differing B/w Subgroups,"Agathobacter, Catabacter, butyrate_producing_baterium_A2_175, TM7_phylum_sp_oral_clone_HD027, and Actinobateria",Aeromonadales,LEfSe (LDA),Main Text,,Jake Castillo,,,,,,,,,,
LinChen2019,https://pubmed.ncbi.nlm.nih.gov/31248424/,10.1186/s12974-019-1528-y,Altered gut microbiota and inflammatory cytokine responses in patients with Parkinson's disease.,2019,Taiwan,Asia,16S,Journal of neuroinflammation,Parkinson’s disease (PD),Increase,Yes,"Parabacteroides, Verrucomicrobia, Akkermansia, Veillonella, Odoribacter, Mucispirillum, Bilophila, Enterococcus, Lactobacillus",Prevotella,LEfSe (LDA),Main Text,,Jake Castillo,,,,,,,,,,
NiTong2025,https://pubmed.ncbi.nlm.nih.gov/39134825/,10.1007/s12035-024-04370-7,Gut Microbiota-Induced Modulation of the Central Nervous System Function in Parkinson's Disease Through the Gut-Brain Axis and Short-Chain Fatty Acids.,2025,China,Asia,16S,Molecular neurobiology,Parkinson’s disease (PD),Increase,Yes,"Bacteroidales, Bacteroidia, Phocaeicola, Faecalimonas, Alistipes, Rikenellaceae","Escherichia_Shigella, Enterobacter, Entero- bacteriaceae, Enterobacterales, Gammaproteobacteria, Proteobacteria",LEfSe (LDA),Main Text,,Jake Castillo,,,,,,,,,,
YildirimNalbantoglu2022,https://pmc.ncbi.nlm.nih.gov/articles/PMC8823292/,10.1128/msystems.00004-22,Stratification of the Gut Microbiota Composition Landscape across the Alzheimer's Disease Continuum in a Turkish Cohort,2022,Turkey,Middle East,16S,mSystems,"Alzheimer’s disease (AD), Dementia",Increase,Yes,Bacteroides; Escherichia-Shigella; Enterococcus; Klebsiella; Akkermansia,,,Main Text,,Emily Song,,,,,,,,,,
BaldiniHertel2020,https://doi.org/10.1186/s12915-020-00775-7,10.1186/s12915-020-00775-7,Parkinson’s disease-associated alterations of the gut microbiome predict disease-relevant changes in metabolic functions,2020,Luxembourg,Europe,16S,BMC Biology,Parkinson’s disease (PD),No Difference,Yes,Anaerotruncus colihominis (FDR<0.05); Christensenella minuta (FDR<0.05); Lactobacillus (FDR<0.05); Streptococcus (FDR<0.05); Akkermansia muciniphila (FDR<0.05); Bilophila (FDR<0.05); Ruminococcus bromii (FDR<0.05); Ruminococcus torques (FDR<0.05); Roseburia intestinalis (FDR<0.05),Turicibacter sanguinis (FDR<0.05),,Main Text,,Fnu Babita,,,,,,,,,,
XiDing2021,https://pubmed.ncbi.nlm.nih.gov/34384375/,10.1186/s12866-021-02286-z,Disturbed microbial ecology in Alzheimer's disease: evidence from the gut microbiota and fecal metabolome.,2021,China,Asia,16S,BMC microbiology,Alzheimer’s disease (AD),No Difference,Yes,"Agathobacter,  unclassified_f_Lach- nospiraceae, Eubacterium_ventriosum_group, Lachnospiraceae_NC2004, Lachnospiraceae_NC2004, Faecalibacterium,   Ruminococca- ceae_UCG-007, Alloprevotella, Atopobium, Parvimonas, Cloacibacillus, Solobacterium, Pseudomonas ","Tyzzerella, Erysipelatoclostridium",LEfSe (LDA),Main Text,,Jake Castillo,,,,,,,,,,
SepúlvedaRiveraOlivieriHenry2025,https://pubmed.ncbi.nlm.nih.gov/40764790/,10.1038/s41598-025-13262-2,Gut microbiota distinguishes aging hispanics with Alzheimer's disease: associations with cognitive impairment and severity.,2025,Puerto Rico,North America,16S,Scientific reports,Alzheimer’s disease (AD),No Difference,No,"Eggerthella, Holdemanella","Faecalibacterium, Bacteroides, Dialister","LEfSe (LDA), Linear (e.g. MaAsLin)",Main Text,,Jake Castillo,,,,,,,,,,
MertsalmiAho2017,https://pubmed.ncbi.nlm.nih.gov/28891262/,10.1111/ene.13398,More than constipation - bowel symptoms in Parkinson's disease and their connection to gut microbiota.,2017,Finland,Europe,16S,European journal of neurology,Parkinson’s disease (PD),Not Reported,Not reported,None,None,DESeq,Main Text,,Jake Castillo,"Says Prevotella and Bacterioids are less abuntant in IBS+ PD patients against IBS= PD pateints, but nothing  looking at PD versus control group",,,,,,,,,
DelGrassini2020,https://pubmed.ncbi.nlm.nih.gov/33085540/,10.2217/fmb-2019-0336,The impact of intestinal microbiota on weight loss in Parkinson's disease patients: a pilot study.,2020,Italy,Europe,16S,Future microbiology,Parkinson’s disease (PD),Not Reported,Not reported,"Proteobacteria, Oxalobacteraceae","Clostridiaceae, Tissierellaceae, Prevotellaceae, Desulfotomaculum, Atopobium, Planococcaceae, Granulicatella, Staphylococcaceae, Roseburia, Paraprevotellaceae, Bifidobacterium pseudolongum, Lachnospiraceae",LEfSe (LDA),Main Text,,Jake Castillo,,,,,,,,,,
YuWan2024,https://pubmed.ncbi.nlm.nih.gov/38529601/,10.2174/0115672050303878240319054149,Disruptions of Gut Microbiota are Associated with Cognitive Deficit of Preclinical Alzheimer's Disease: A Cross-Sectional Study.,2024,China,Asia,Other,Current Alzheimer research,"Alzheimer’s disease (AD), Dementia",Decrease,Not reported,"Bacteroides ovatus, Bifidobacterium adolescentis",Roseburia inulinivorans,Other,Main Text,,Jake Castillo,,,,,,,,,,
VilletteNovikova2025,https://pubmed.ncbi.nlm.nih.gov/40707492/,10.1038/s41522-025-00780-0,Human gut microbiome gene co-expression network reveals a loss in taxonomic and functional diversity in Parkinson's disease.,2025,Luxembourg,Europe,Shotgun,NPJ biofilms and microbiomes,Parkinson’s disease (PD),Decrease,Yes,None,"Blautia, Roseburia, Faecalibacterium and Anaerobutyricum",DESeq,Main Text,,Jake Castillo,,,,,,,,,,
DiBozzi2020,https://pubmed.ncbi.nlm.nih.gov/32546239/,10.1186/s12916-020-01607-9,A prospective longitudinal study on the microbiota composition in amyotrophic lateral sclerosis.,2020,Italy,Europe,16S,BMC medicine,Amyotrophic lateral sclerosis (ALS),Decrease,Yes,"Clostridiales Family XI, E. Coli, Enterobacteriaceae","Clostridiaceae 1, Clostridium cluster 1, yeast",Other,Main Text,intervention,Jake Castillo,,,,,,,,,,
JumaylaweeKomijani2025,https://pubmed.ncbi.nlm.nih.gov/39742897/,10.1016/j.micpath.2024.107269,The interplay of gut microbiota and heavy metals in multiple sclerosis patients.,2021,Iran,Middle East,16S,Microbial pathogenesis,Multiple sclerosis (MS),Increase,Yes,"Ruminococcaceae, Verrumicorbiaceae, Lachnospiraceae",None,Other,Main Text,,Jake Castillo,,,,,,,,,,
WuHan2021,https://pubmed.ncbi.nlm.nih.gov/33466861/,10.3390/nu13010228,Altered Gut Microbial Metabolites in Amnestic Mild Cognitive Impairment and Alzheimer's Disease: Signals in Host-Microbe Interplay.,2021,China,Asia,,Nutrients,"Alzheimer’s disease (AD), Dementia",Not Reported,Not reported,None,None,,Main Text,,Jake Castillo,Looking at metabolites,,,,,,,,,
PapićRački2025,https://pubmed.ncbi.nlm.nih.gov/40824914/,10.1371/journal.pone.0328761,Microbial diversity in drug-naïve Parkinson's disease patients.,2025,Croatia,Europe,16S,PloS one,Parkinson’s disease (PD),No Difference,No,"Bacteroides fluxus, B. interstinalis, B. eggerthii, Dielma fastidiosa","Alistipes, Barnesiella, Dialister spp",DESeq,Main Text,,Jake Castillo,,,,,,,,,,
HerkenBang2019,https://pubmed.ncbi.nlm.nih.gov/31624178/,10.1212/NXI.0000000000000632,Normal gut microbiome in NMDA receptor encephalitis.,2019,Germany,Europe,16S,Neurology(R) neuroimmunology & neuroinflammation,Other,No Difference,No,None,None,Other,Main Text,,Jake Castillo,,,,,,,,,,
JeongHuang2022,https://pubmed.ncbi.nlm.nih.gov/35431236/,10.3233/JAD-215090,Cognitive Function Associated with Gut Microbial Abundance in Sucrose and S-Adenosyl-L-Methionine (SAMe) Metabolic Pathways.,2022,United States,North America,Both,Journal of Alzheimer's disease : JAD,"Alzheimer’s disease (AD), Dementia",Increase,Yes,"Actinobacteria, Firmicutes, c_Negativicutes, o_Selenomonadales, f_Eubacteriaceae)","Acidobacteria, Bacteriodetes, c_Bacteroidia, o_Bacteroidales","LEfSe (LDA), DESeq, Linear (e.g. MaAsLin), Other",Main Text,,Jake Castillo,,,,,,,,,,
ChenChen2022,https://pubmed.ncbi.nlm.nih.gov/35342048/,10.3233/JPD-223179,Alteration of Gut Microbial Metabolites in the Systemic Circulation of Patients with Parkinson's Disease.,2022,Taiwan,Asia,Shotgun,Journal of Parkinson's disease,Parkinson’s disease (PD),Not Reported,Not reported,None,None,,Main Text,,Jake Castillo,,,,,,,,,,
UbedaVázquezCarretero2022,https://pubmed.ncbi.nlm.nih.gov/36614151/,10.3390/ijms24010707,Fecal Volatile Organic Compounds and Microbiota Associated with the Progression of Cognitive Impairment in Alzheimer's Disease.,2022,Spain,Europe,16S,International journal of molecular sciences,"Alzheimer’s disease (AD), Dementia",Differing B/w Subgroups,Not reported,"Faecalibacterium, Lachnoclostridium, Peptococcus ,Ruminococcus, Blautia","Clostridium, Coprococcus",Other,Main Text,,Jake Castillo,,,,,,,,,,
ChristopherMorgan2025,https://pubmed.ncbi.nlm.nih.gov/40362907/,10.3390/nu17091597,"Specific Bacterial Taxa and Their Metabolite, DHPS, May Be Linked to Gut Dyshomeostasis in Patients with Alzheimer's Disease, Parkinson's Disease, and Amyotrophic Lateral Sclerosis.",2025,United States,North America,16S,Nutrients,"Amyotrophic lateral sclerosis (ALS), Alzheimer’s disease (AD), Parkinson’s disease (PD)",Differing B/w Subgroups,Not reported,"Desulfovibrio, Eubacterium, Akkermansia, Paludicola, Sellimonas, and Enterococcus ",Enterococcus,Other,Main Text,,Jake Castillo,,,,,,,,,,
LiuDuan2022,https://pmc.ncbi.nlm.nih.gov/articles/PMC9259038/,10.1097/sla.0000000000005489,Orthopedic Surgery Causes Gut Microbiome Dysbiosis and Intestinal Barrier Dysfunction in Prodromal Alzheimer Disease Patients,2022,China,Asia,16S,Annals of Surgery,Alzheimer’s disease (AD),,Yes,Bacteroidaceae; Enterobacteriaceae; Acidaminococcaceae,Butyricicoccaceae; Christensenellaceae; Butyricicoccus; Christensenellaceae_R-7_group; Lachnospiraceae; Lachnospiraceae_UCG-010; Subdoligranulum; Fusicatenibacter; Dorea; Lachnospira,Other,Main Text,intervention,Fnu Babita,,,,,,,,,,
SajiNiida2019,https://pubmed.ncbi.nlm.nih.gov/30700769/,10.1038/s41598-018-38218-7,Analysis of the relationship between the gut microbiome and dementia: a cross-sectional study conducted in Japan.,2019,Japan,Asia,16S,Scientific reports,Dementia,Increase,Yes,enterotype III,"enterotype I, Bacteriodes",Other,Main Text,,Jake Castillo,,,,,,,,,,
TakewakiSuda2020,https://pubmed.ncbi.nlm.nih.gov/32839304/,10.1073/pnas.2011703117,Alterations of the gut ecological and functional microenvironment in different stages of multiple sclerosis.,2020,United States,North America,Both,Proceedings of the National Academy of Sciences of the United States of America,Multiple sclerosis (MS),No Difference,Yes,"Multiple sclerosis (MS): Akkermansia muciniphila, Bifidobacterium, Streptococcus","Multiple sclerosis (MS): Eubacterium rectale, Megamonas, Megamonas funiformis, Clostridia IV, Clostridia XIVa",Other,Main Text,,Tyler Myers,,,,,,,,,,
ShengLin2021,https://pubmed.ncbi.nlm.nih.gov/34024839/,10.3233/JAD-210259,Altered Gut Microbiota in Adults with Subjective Cognitive Decline: The SILCODE Study.,2021,Canada,North America,16S,Journal of Alzheimer's disease : JAD,"Alzheimer’s disease (AD), Dementia",Differing B/w Subgroups,Yes,"Cognative Impairment (CI): None, Subjective Cognative Decline (SCD):Lachnospiraceae","Cognative Impairment (CI): None, Subjective Cognative Decline (SCD):Lachnospiraceae",LEfSe (LDA),Main Text,,Tyler Myers,,,,,,,,,,
GungorAdiguzel2016,https://pubmed.ncbi.nlm.nih.gov/26752409/,10.1371/journal.pone.0145878,Intestinal Microbiota in Patients with Spinal Cord Injury.,2016,Turkey,Middle East,16S,PloS one,"Amyotrophic lateral sclerosis (ALS), Spinal cord injury (SCI)",No Difference,Not reported,None,"Spinal cord injury (SCI): Pseudobutyrivibrio, Dialister, Megamonas, Roseburia",Other,Main Text,,Tyler Myers,,,,,,,,,,
HeintzBuschartPandey2018,https://pubmed.ncbi.nlm.nih.gov/28843021/,10.1002/mds.27105,The nasal and gut microbiome in Parkinson's disease and idiopathic rapid eye movement sleep behavior disorder.,2018,Luxembourg,Europe,Both,Movement disorders : official journal of the Movement Disorder Society,Parkinson’s disease (PD),Not Reported,Yes,"Parkinson’s disease (PD): Akkermansia, Akkermansia muciniphila",None,"DESeq, ANCOM",Main Text,,Tyler Myers,,,,,,,,,,
LiuWu2019,https://pubmed.ncbi.nlm.nih.gov/31063846/,10.1016/j.bbi.2019.05.008,Altered microbiomes distinguish Alzheimer's disease from amnestic mild cognitive impairment and health in a Chinese cohort.,2019,China,Asia,16S,"Brain, behavior, and immunity","Alzheimer’s disease (AD), Dementia",Differing B/w Subgroups,Yes,"Alzheimer’s disease (AD): Proteobacteria, Gammaproteobacteria, Enterobacteriales, Enterobacteriaceae","Alzheimer’s disease (AD): Proteobacteria, Gammaproteobacteria, Enterobacteriales, Enterobacteriaceae",Other,Main Text,,Tyler Myers,,,,,,,,,,
LiWang2019,https://pubmed.ncbi.nlm.nih.gov/31200089/,10.1016/j.neulet.2019.134297,Alteration of the fecal microbiota in North-Eastern Han Chinese population with sporadic Parkinson's disease.,2019,China,Asia,16S,Neuroscience letters,Parkinson’s disease (PD),Not Reported,Yes,"Parkinson’s disease (PD): Ruminococcaceae, Verrucomicrobiaceae, Porphyromondaceae, Hydrogenoanaerobacterium, Lachnospiraceae NK4A","Parkinson’s disease (PD): Bacteroides, Prevotellaceae",Other,Main Text,,Tyler Myers,,,,,,,,,,
ZhaiZheng2019,https://pubmed.ncbi.nlm.nih.gov/31306225/,10.1097/CM9.0000000000000351,Intestinal microbiota composition in patients with amyotrophic lateral sclerosis: establishment of bacterial and archaeal communities analyses.,2019,China,Asia,16S,Chinese medical journal,Amyotrophic lateral sclerosis (ALS),Decrease,Not reported,Amyotrophic lateral sclerosis (ALS): Methanobrevibacter,"Amyotrophic lateral sclerosis (ALS): Faecalibacterium, Bacteroides",Other,Main Text,,Tyler Myers,,,,,,,,,,
BeckerSchmartz2022,https://pubmed.ncbi.nlm.nih.gov/34839011/,10.1016/j.gpb.2021.08.009,"Effects of Resistant Starch on Symptoms, Fecal Markers, and Gut Microbiota in Parkinson's Disease - The RESISTA-PD Trial.",2022,Germany,Europe,Shotgun,"Genomics, proteomics & bioinformatics",Parkinson’s disease (PD),No Difference,Yes,None,"Parkinson’s disease (PD): Lachnospiraceae incertae sedis, Faecalibacterium prausnitzii",Other,Main Text,intervention,Tyler Myers,,,,,,,,,,
GongLiu2019,https://pubmed.ncbi.nlm.nih.gov/31448571/,10.1002/acn3.50874,Alterations in the human gut microbiome in anti-N-methyl-D-aspartate receptor encephalitis.,2019,United States,North America,16S,Annals of clinical and translational neurology,Other,Decrease,Yes,"anti-NMDAR encephalitis: Prevotella, Streptophyta, Lactobacillaceae, Lactobacillus, Gemellaceae, Gemellales, Peptostreptococcaceae, Coriobacteriaceae, Coriobacteriales, Actinomyces, Actinomycetaceae","anti-NMDAR encephalitis: Bacteroides, Oceanospirillales, Halomonas, Halomonadaceae, Butyricimonas, Odoribacteraceae, Coprococcus, Porphyromonadaceae, Parabacteroides, Faecalibacterium, Ruminococcaceae",LEfSe (LDA),Main Text,gradient/subtypes,Tyler Myers,,,,,,,,,,
ZhuMa2022,https://pubmed.ncbi.nlm.nih.gov/36235612/,10.3390/nu14193959,Altered Gut Microbiota and Its Clinical Relevance in Mild Cognitive Impairment and Alzheimer's Disease: Shanghai Aging Study and Shanghai Memory Study.,2022,China,Asia,16S,Nutrients,"Alzheimer’s disease (AD), Dementia",No Difference,No,"Alzheimer’s disease (AD): Erysipelatoclostridiaceae, Erysipelotrichales, Patescibacteria, Saccharimonadales, Saccharimonadia",None,LEfSe (LDA),Main Text,,Tyler Myers,,,,,,,,,,
KimSon2022,https://pubmed.ncbi.nlm.nih.gov/35189854/,10.1186/s12883-022-02586-5,"Gut- and oral-dysbiosis differentially impact spinal- and bulbar-onset ALS, predicting ALS severity and potentially determining the location of disease onset.",2022,United States,North America,16S,BMC neurology,Amyotrophic lateral sclerosis (ALS),Differing B/w Subgroups,Differing B/w Subgroups,"Spinal-onset ALS: Firmicutes, Fusobacteria",Spinal-onset ALS: Bacteroidetes,Other,Main Text,,Tyler Myers,,,,,,,,,,
ShengYang2022,https://pmc.ncbi.nlm.nih.gov/articles/PMC8843023/,10.1186/s13195-022-00977-x,Combination of gut microbiota and plasma amyloid-β as a potential index for identifying preclinical Alzheimer’s disease: a cross-sectional analysis from the SILCODE study,2022,China,Asia,16S,Alzheimer's Research & Therapy,"Alzheimer’s disease (AD), Dementia",,Mixed,Bacteroidetes; Bacteroidia; Bacteroidales,Firmicutes; Clostridia; Clostridiales; Deltaproteobacteria; Desulfovibrionales; Desulfovibrionaceae; Lachnospiraceae; Faecalibacterium,,Main Text,,Emily Song,,,,,,,,,,
GoreckaMazurKrygowskaWajs2024,https://pubmed.ncbi.nlm.nih.gov/38873926/,10.1111/nmo.14846,Associations between gut microbiota characteristics and non-motor symptoms following pharmacological and surgical treatments in Parkinson's disease patients.,2024,Poland,Europe,16S,Neurogastroenterology and motility,Parkinson’s disease (PD),Increase,Yes,"Parkinson’s disease (PD): Desulfovibrio, Oxalobacter, Catabacteriaceae, Odoribacteraceae, Negativicutes","Parkinson’s disease (PD): Desulfovibrio, Oxalobacter, Catabacteriaceae, Odoribacteraceae, Negativicutes",Other,Main Text,intervention,Tyler Myers,,,,,,,,,,
ParkChevalier2025,https://pubmed.ncbi.nlm.nih.gov/40953029/,10.1371/journal.pone.0330251,Gut microbiome signatures in iNPH: Insights from a shotgun metagenomics study.,2025,Switzerland,Europe,Shotgun,PloS one,"Alzheimer’s disease (AD), Dementia",No Difference,Yes,"Idiopathic normal pressure hydrocephalus (iNPH): Enterocloster bolteae, Ruminococcus gnavus, Cuneatibacter sp.",None,ANCOM,Main Text,,Tyler Myers,,,,,,,,,,
AshrafDikarlo2024,https://pubmed.ncbi.nlm.nih.gov/39402079/,10.1038/s41598-024-74975-4,"Mycobacterium avium subspecies paratuberculosis (MAP) infection, and its impact on gut microbiome of individuals with multiple sclerosis.",2024,Italy,Europe,16S,Scientific reports,Multiple sclerosis (MS),No Difference,No,None,None,Other,Main Text,gradient/subtypes;confounding disease,Tyler Myers,,,,,,,,,,
YamashiroTakabayashi2024,https://pubmed.ncbi.nlm.nih.gov/38452948/,10.1016/j.nbd.2024.106464,Free water in gray matter linked to gut microbiota changes with decreased butyrate producers in Alzheimer's disease and mild cognitive impairment.,2024,Japan,Asia,16S,Neurobiology of disease,Alzheimer’s disease (AD),Not Reported,Not reported,None,"Alzheimer’s disease (AD): Anaerostipes, Lachnospiraceae UCG-004, [Ruminococcus] gnavus group",Other,Main Text,,Tyler Myers,,,,,,,,,,
UngerSpiegel2016,https://pubmed.ncbi.nlm.nih.gov/27591074/,10.1016/j.parkreldis.2016.08.019,Short chain fatty acids and gut microbiota differ between patients with Parkinson's disease and age-matched controls.,2016,Germany,Europe,Other,Parkinsonism & related disorders,Parkinson’s disease (PD),Not Reported,Not reported,"Parkinson’s disease (PD): Bacteroidetes, Prevotellaceae","Parkinson’s disease (PD): Bacteroidetes, Prevotellaceae",Other,Main Text,,Tyler Myers,,,,,,,,,,
DuanLiu2021,https://pubmed.ncbi.nlm.nih.gov/33869072/,10.3389/fcimb.2021.592842,Preoperative Microbiomes and Intestinal Barrier Function Can Differentiate Prodromal Alzheimer's Disease From Normal Neurocognition in Elderly Patients Scheduled to Undergo Orthopedic Surgery.,2021,China,Asia,16S,Frontiers in cellular and infection microbiology,Alzheimer’s disease (AD),Differing B/w Subgroups,Differing B/w Subgroups,Alzheimer’s disease (AD): Bacteroidetes,Alzheimer’s disease (AD): Bacteroidetes,LEfSe (LDA),Main Text,,Tyler Myers,,,,,,,,,,
LvLin2025,https://pubmed.ncbi.nlm.nih.gov/40071377/,10.62641/aep.v53i2.1682,Impact of 16S rRNA on Intestinal Flora Alterations and Early Diagnosis in Early Alzheimer's Disease Patients.,2025,China,Asia,16S,Actas espanolas de psiquiatria,Alzheimer’s disease (AD),Increase,Yes,"Alzheimer’s disease (AD): Bryantella, Gemmiger, Desulfovibrio, Collinsella, Odoribacter, Enterococcus",None,LEfSe (LDA),Main Text,,Tyler Myers,,,,,,,,,,
ZhangHuang2024,https://pubmed.ncbi.nlm.nih.gov/37307829/,10.14336/AD.2023.0518,Relationships Between Rapid Eye Movement Sleep Behavior Disorder and Parkinson's Disease: Indication from Gut Microbiota Alterations.,2024,China,Asia,16S,Aging and disease,Parkinson’s disease (PD),Differing B/w Subgroups,Yes,"Parkinson’s disease (PD): Aerococcus, Eubacterium, Gordonibacter, Stenotrophomonas","Parkinson’s disease (PD): Butyricicoccus, Faecalibacterium, Haemophilus",LEfSe (LDA),Main Text,gradient/subtypes;confounding disease,Tyler Myers,,,,,,,,,,
SaresellaMarventano2020,https://pubmed.ncbi.nlm.nih.gov/32733460/,10.3389/fimmu.2020.01390,Alterations in Circulating Fatty Acid Are Associated With Gut Microbiota Dysbiosis and Inflammation in Multiple Sclerosis.,2020,Italy,Europe,16S,Frontiers in immunology,Multiple sclerosis (MS),Decrease,Yes,"Multiple sclerosis (MS): Akkermansia, Collinsella","Multiple sclerosis (MS): Parabacteroides, Roseburia, Coprococcus, Blautia",Other,Main Text,,Tyler Myers,,,,,,,,,,
AlshinnawyBadiea2025,https://pubmed.ncbi.nlm.nih.gov/40679698/,10.1007/s12035-025-05194-9,Decoding the Gut Microbiota in Multiple Sclerosis Using Nanopore Long-Read Sequencing: Insights into Disease Severity and Subtypes.,2025,Egypt,Africa,16S,Molecular neurobiology,Multiple sclerosis (MS),Differing B/w Subgroups,Differing B/w Subgroups,None,"Roseburia faecis, Ruminococcus bromii, Eubacterium rectale, Faecalibacterium duncaniae, Dialister massiliensis, Ligilactobacillus ruminis",DESeq,Main Text,gradient/subtypes,Michael Iter,"2 alpha diversity metrics: richness and evenness, going in opposite directions; also they extracted 16s sequences from nanopore sequencing, as opposed to traditional amplicon approaches",,,,,,,,,
BedarfHildebrand2017,https://pubmed.ncbi.nlm.nih.gov/28449715/,10.1186/s13073-017-0428-y,Functional implications of microbial and viral gut metagenome changes in early stage L-DOPA-naïve Parkinson's disease patients.,2017,Germany,Europe,Shotgun,Genome medicine,Parkinson’s disease (PD),No Difference,Yes,"Akkermansia, Firmicutes, Akkermansia muciniphila, Alistipes shahii","Eubacterium, Prevotella copri, Eubacterium biforme, Clostridium saccharolyticum","ANCOM, Other",Main Text,,Michael Iter,,,,,,,,,,
ZengJunli2019,https://pubmed.ncbi.nlm.nih.gov/31108132/,10.1016/j.neuint.2019.104468,Gut dysbiosis and lack of short chain fatty acids in a Chinese cohort of patients with multiple sclerosis.,2019,China,Asia,16S,Neurochemistry international,Multiple sclerosis (MS),No Difference,Yes,"Streptococcus, S. salivarius, S. parasanguinis",Prevotella_9,LEfSe (LDA),Main Text,,Michael Iter,,,,,,,,,,
RoutDash2025,https://pubmed.ncbi.nlm.nih.gov/39927883/,10.18632/aging.206200,Exploring the role of acylated ghrelin and gut microbiome in delineating cognitive health in the elderly,2025,India,Asia,16S,Aging,Dementia,No Difference,Yes,Bifidobacterium longum; Lactobacillus ruminis; Blautia producta; Eggerthella lenta; Bacteroides eggerthii; Pyramidobacter piscolens; Veillonella dispar,Prevotella copri; Eubacterium biforme; Faecalibacterium prausnitzii; Blautia obeum,,Main Text,,Emily Song,,,,,,,,,,
FontdevilaPovedano2024,https://pubmed.ncbi.nlm.nih.gov/39379597/,10.1038/s41598-024-75083-z,Examining the complex Interplay between gut microbiota abundance and short-chain fatty acid production in amyotrophic lateral sclerosis patients shortly after onset of disease.,2024,Spain,Europe,16S,Scientific reports,Amyotrophic lateral sclerosis (ALS),No Difference,Not reported,"Enterobacter, Clostridium, Veillonella, Dialister, Turicibacter, Acidaminococcus","Prevotella, Lactobacillus, Butyricimonas",Other,Main Text,,Michael Iter,,,,,,,,,,
PanLi2021,https://pubmed.ncbi.nlm.nih.gov/34869782/,10.1155/2021/5578958,Elderly Patients with Mild Cognitive Impairment Exhibit Altered Gut Microbiota Profiles.,2021,China,Asia,16S,Journal of immunology research,Other,No Difference,Yes,"Staphylococcus intermedius, Staphylococcus lentus","Bacteroides salyersiae, Bacteroides gallinarum",LEfSe (LDA),Main Text,,Michael Iter,"STUDY FOR MILD COGNITIVE IMPAIRMENT, not alzhiemers",,,,,,,,,
WuJiang2025,https://pubmed.ncbi.nlm.nih.gov/39904582/,10.1177/03000605251314817,Gut microbial profiles of patients with optic neuritis or myasthenia gravis.,2025,China,Asia,16S,The Journal of international medical research,Other,Increase,Yes,"Optic neuritis (ON): None; Myasthenia gravis (MG): Ruminococcus, Megamonas","Optic neuritis (ON): None; Myasthenia gravis (MG): Bacteroides, Bifidobacterium",LEfSe (LDA),Main Text,,Michael Iter,I don't think either of these diseases are actually neurodegenerative,,,,,,,,,
TsaiLai2025,https://pubmed.ncbi.nlm.nih.gov/41298658/,10.1038/s41598-025-26312-6,Elevated Lactobacillus salivarius and genus Akkermansia in fecal samples of Taiwanese patients with parkinson's disease and diabetes mellitus.,2025,Taiwan,Asia,16S,Scientific reports,Parkinson’s disease (PD),No Difference,Yes,"Lactobacillus salivarius, Akkermansia",None,LEfSe (LDA),Main Text,gradient/subtypes;confounding disease,Michael Iter,,,,,,,,,,
HegelmaierLebbing2020,https://pubmed.ncbi.nlm.nih.gov/32041265/,10.3390/cells9020376,Interventional Influence of the Intestinal Microbiome Through Dietary Intervention and Bowel Cleansing Might Improve Motor Symptoms in Parkinson's Disease.,2020,Germany,Europe,16S,Cells,Parkinson’s disease (PD),Not Reported,No,None,None,Other,Main Text,intervention,Michael Iter,,,,,,,,,,
VidalMartinezChin2020,https://pubmed.ncbi.nlm.nih.gov/31561385/,10.3233/JPD-191693,"A Pilot Microbiota Study in Parkinson's Disease Patients versus Control Subjects, and Effects of FTY720 and FTY720-Mitoxy Therapies in Parkinsonian and Multiple System Atrophy Mouse Models.",2020,USA,North America,16S,Journal of Parkinson's disease,Parkinson’s disease (PD),No Difference,No,"Akkermansia, Verrucomicrobiaceae",None,Other,Main Text,,Michael Iter,,,,,,,,,,
MiyakeKim2015,https://pubmed.ncbi.nlm.nih.gov/26367776/,10.1371/journal.pone.0137429,"Dysbiosis in the Gut Microbiota of Patients with Multiple Sclerosis, with a Striking Depletion of Species Belonging to Clostridia XIVa and IV Clusters.",2015,Japan,Asia,16S,PloS one,Multiple sclerosis (MS),No Difference,Yes,"Bifidobacterium, Streptococcus","Bacteroides, Faecalibacterium, Prevotella, Anaerostipes",Other,Main Text,,Michael Iter,,,,,,,,,,
YangJiang2025,https://pubmed.ncbi.nlm.nih.gov/40947000/,10.1016/j.brainres.2025.149948,Changes in gut microbiota and plasma metabolites in Parkinson's disease patients with pain as analyzed by 16S rDNA sequencing and LC-MS.,2025,China,Asia,16S,Brain research,Parkinson’s disease (PD),No Difference,Differing B/w Subgroups,None,"c__Gammaproteobacteria, o__Lachnospirales, g__Faecalibacterium, s__Faecalibacterium_prausnitzii",LEfSe (LDA),Main Text,gradient/subtypes,Michael Iter,,,,,,,,,,
BauchBaur2025,https://pubmed.ncbi.nlm.nih.gov/40429881/,10.3390/ijms26104735,Prognostic Value of a Multivariate Gut Microbiome Model for Progression from Normal Cognition to Mild Cognitive Impairment Within 4 Years.,2025,Germany,Europe,Shotgun,International journal of molecular sciences,Other,Not Reported,Not reported,Merdimonas,"Methanobrevibacter, Thermovenabulum",Other,Main Text,,Michael Iter,,,,,,,,,,
WallenDemirkan2022,https://pubmed.ncbi.nlm.nih.gov/36376318/,10.1038/s41467-022-34667-x,Metagenomics of Parkinson's disease implicates the gut microbiome in multiple disease mechanisms.,2022,USA,North America,Shotgun,Nature communications,Parkinson’s disease (PD),Not Reported,Yes,"Actinomyces oris, Bifidobacterium dentium, Clostridium leptum, Streptococcus mutans, Enterococcus avium","Blautia wexlerae, Roseburia intestinalis, ","ANCOM, Linear (e.g. MaAsLin)",Main Text,,Michael Iter,,,,,,,,,,
NgoRestuadi2020,https://pubmed.ncbi.nlm.nih.gov/32643435/,10.1080/21678421.2020.1772825,Progression and survival of patients with motor neuron disease relative to their fecal microbiota.,2020,Australia,Oceania,16S,Amyotrophic lateral sclerosis & frontotemporal degeneration,Amyotrophic lateral sclerosis (ALS),No Difference,No,None,None,ANCOM,Main Text,,Michael Iter,,,,,,,,,,
LiaquatLe2025,https://pubmed.ncbi.nlm.nih.gov/40600491/,10.1080/19490976.2025.2526133,APOE4 genotype shapes the role of dietary fibers in cognitive health through gut microbiota changes.,2025,UK,Europe,16S,Gut microbes,Other,Not Reported,Yes,None,None,Other,Main Text,,Michael Iter,focused on dietary fiber associations,,,,,,,,,
CastilloÁlvarezPérezMatute2021,https://pubmed.ncbi.nlm.nih.gov/34537163/,10.1016/j.nrleng.2020.05.006,The influence of interferon β-1b on gut microbiota composition in patients with multiple sclerosis.,2021,Spain,Europe,16S,Neurologia,Multiple sclerosis (MS),No Difference,Not reported,"Faecalibacterium sp., Ruminococcus sp., uncultured Oscillospiraceae bacterium, uncultured Blautia sp., uncultured Sinorhizobium sp., Anaerostipes sp., Clostridium bolteae, uncultured Dialister sp., Alistipes onderdonkii, Bifidobacterium longum, Coriobacterium sp.","Eubacterium eligens, Prevotella copri, uncultured Bacteroides sp., uncultured alpha Proteobacterium, uncultured Pseudomonas sp.",Other,Main Text,intervention,Michael Iter,,,,,,,,,,
MekkyWani2022,https://pubmed.ncbi.nlm.nih.gov/35158462/,10.1016/j.msard.2021.103354,Molecular characterization of the gut microbiome in egyptian patients with remitting relapsing multiple sclerosis.,2022,Egypt,Africa,16S,Multiple sclerosis and related disorders,Multiple sclerosis (MS),Not Reported,Not reported,B. fragilis,None,Other,Main Text,,Michael Iter,probably the worst study ive seen here,,,,,,,,,
TankouRegev2018,https://pubmed.ncbi.nlm.nih.gov/29679417/,10.1002/ana.25244,A probiotic modulates the microbiome and immunity in multiple sclerosis.,2018,USA,North America,16S,Annals of neurology,Multiple sclerosis (MS),No Difference,Not reported,None,None,Other,Main Text,intervention,Michael Iter,focused on probiotic intervention,,,,,,,,,
MolesDelgado2022,https://pubmed.ncbi.nlm.nih.gov/36325343/,10.3389/fimmu.2022.960761,Microbial dysbiosis and lack of SCFA production in a Spanish cohort of patients with multiple sclerosis.,2022,Spain,Europe,16S,Frontiers in immunology,Multiple sclerosis (MS),No Difference,Not reported,Enterobacteriaceae,"Dialister, Coprococcus",LEfSe (LDA),Main Text,intervention,Michael Iter,,,,,,,,,,
NitzanStaunRam2023,https://pubmed.ncbi.nlm.nih.gov/37834472/,10.3390/ijms241915024,"Multiple Sclerosis-Associated Gut Microbiome in the Israeli Diverse Populations: Associations with Ethnicity, Gender, Disability Status, Vitamin D Levels, and Mediterranean Diet.",2023,Israel,Middle East,16S,International journal of molecular sciences,Multiple sclerosis (MS),No Difference,No,"Multiple Sclerosis (MS): Barnesiella, Collinsella, Eggerthella, Enterobacter, Flavonifractor, Lachnospiraceae_UCG_003, Ruminococcus_gnavus_group, Sellimonas, Succinivibrio, Bifidobacterium_sp__MC_10, Negativibacillus_massiliensis, Ruminococcus_gnavus_CC55_001C, uncultured_Bacteroidetes_bacterium",None,"LEfSe (LDA), DESeq, Other",Main Text,,Lennel A. Camuy-Vélez,Table 2. Differential abundant taxa between PwMS and HCs.,,,,,,,,,
ReyndersDevolder2020,https://pubmed.ncbi.nlm.nih.gov/32162850/,10.1002/acn3.51004,Gut microbiome variation is associated to Multiple Sclerosis phenotypic subtypes.,2020,USA,North America,16S,Annals of clinical and translational neurology,Multiple sclerosis (MS),Decrease,Differing B/w Subgroups,"Multiple Sclerosis (MS): Alistipes, Anaerotruncus, Butyricicoccus, Lactobacillus, Methanobrevibacter, Olsenella, Sporobacter ",None,Other,Main Text,gradient/subtypes,Lennel A. Camuy-Vélez,"Table 4. Compositional differences between all MS patients and HC. Only significant results are shown. Reported P-values after Wilcoxon rank-sum test, with Benjamini–Hochberg corrected P-values (Wilcoxon rank-sum test, N = 218, Pcorr < 0.1).",,,,,,,,,
CantoniLin2022,https://pubmed.ncbi.nlm.nih.gov/35094961/,10.1016/j.ebiom.2021.103798,Alterations of host-gut microbiome interactions in multiple sclerosis.,2022,USA,North America,Both,EBioMedicine,Multiple sclerosis (MS),Not Reported,No,"Multiple Sclerosis (MS): (16S): OTU_34_Faecalibacterium, OTU_35_Faecalibacterium; (MetaG): Un_Parabacteroides",None,DESeq,Main Text,,Lennel A. Camuy-Vélez,"Figure 1. Panels B, D,E ",,,,,,,,,
FengTang2025,https://pubmed.ncbi.nlm.nih.gov/39821830/,10.1007/s11427-024-2653-2,Landscapes of gut microbiome and blood metabolomic signatures in relapsing remitting multiple sclerosis.,2025,China,Asia,16S,Science China. Life sciences,Multiple sclerosis (MS),Differing B/w Subgroups,Differing B/w Subgroups,"Multiple Sclerosis (CMS): Anaerosstipes, Holdemanella, Hungatella, Slackia, Lachnoanerobaculum, O_Saccharimonadales; (AMS): Eschrichia-Shigella, Lactobacillus, Alistipes, Parabacteroides, Saccharopolyspora, UBA1819, Tyzzerella, Lysininbacillus, Faecalicoccus, XIII_AD3011_group, Oscilibacter, Candidatus Soleaferrea, Holdemania, Raoutibacter",None,LEfSe (LDA),Main Text,gradient/subtypes,Lennel A. Camuy-Vélez,"Figure 2. Gut microbiome differences in HC, AMS, and CMS subjects. A, The PCoA model showed that there were significantly differential gut microbiota compositions between HC, AMS, and CMS subjects. B, Bacterial phyla in HC, AMS,and CMS subjects. C, Comparison of the abundance of Firmicutes and Proteobacteria between HC, AMS, and CMS subjects. D, In total, 25 differential genera responsible for the discrimination between HC, AMS, and CMS subjects wereidentified.",,,,,,,,,
VenturaIizumi2019,https://pubmed.ncbi.nlm.nih.gov/31705027/,10.1038/s41598-019-52894-z,Gut microbiome of treatment-naïve MS patients of different ethnicities early in disease course.,2019,USA,North America,Both,Scientific reports,Multiple sclerosis (MS),No Difference,Differing B/w Subgroups,"Multiple Sclerosis (MS): ( Caucasian Group Comparison): Verrucomicrobia, Akkermansia, Clostridium, Mogibacteriaceae, Verrucomicrobiaceae; (Hispanic  Group Comparison); Blautia, Clostridium, Dorea, Holdemania, Bacilli; (African America Group Comparison): Clostridium, Butyricoccus, Adlercreutzia, Coriobacteriaceae, Coriobacteriales, Coriobacteriia",None,LEfSe (LDA),Main Text,subgroups of MS cases,Lennel A. Camuy-Vélez,Figure 2. Differential representation of taxa in the MS and control subjects. Cladogram (a–c) and linear discriminant analysis (LDA) score (d–f) of differences by LDA effect size (LEfSe) in each of the three ethnic groups between the MS and control samples. Clostridium species (red star in d–f) were significantly enriched in MS patients in all three ethnic groups.,,,,,,,,,
JangiGandhi2016,https://pubmed.ncbi.nlm.nih.gov/27352007/,10.1038/ncomms12015,Alterations of the human gut microbiome in multiple sclerosis.,2016,USA,North America,16S,Nature communications,Multiple sclerosis (MS),No Difference,No,"Multiple Sclerosis (MS): Euryarcheota, Verrucomicrobia Akkermansia,Methanobrevibacter (454 sequencing; MiSeq) ",None,DESeq,Main Text,,Lennel A. Camuy-Vélez,"Alpha and Beta check supplementary, Differential abundance Figure 2 and main text. ",,,,,,,,,
KishikawaOgawa2020,https://pubmed.ncbi.nlm.nih.gov/33363050/,10.3389/fcimb.2020.585973,A Metagenome-Wide Association Study of Gut Microbiome in Patients With Multiple Sclerosis Revealed Novel Disease Pathology.,2020,Japan,Asia,Shotgun,Frontiers in cellular and infection microbiology,Multiple sclerosis (MS),No Difference,No,Multiple Sclerosis (MS): Sutterella sp.,"Multiple Sclerosis (MS): Gabonia massiliensis, Carnobacteriaceae, Gemella mornillorum, Granulicatella adiacens, Erysipelatoclostridium sp. ","Other, Linear (e.g. MaAsLin)",Main Text,,Lennel A. Camuy-Vélez,Figure 1 Panel B. GLM results,,,,,,,,,
KongChen2023,https://pubmed.ncbi.nlm.nih.gov/37642736/,10.1007/s00415-023-11961-2,Gut microbiota and metabolome in sporadic Creutzfeldt-Jakob disease.,2023,China,Asia,16S,Journal of neurology,Other,Increase,No,"Creutzfeldt–Jakob disease (CJD): f__Oscillospiraceae, g__Turicibacter, o__Erysipelotrichales, f__Rikenellaceae, g__Alistipes, f__Erysipelotrichaceae, f__Anaerovoracaceae, f__Tannerellaceae, g__Parabacteroides, g__Family_XIII_AD3011_group, f__Desulfovibrionaceae, o__Desulfovibrionales, p__Desulfobacterota, c__Desulfovibrionia, g__Eisenbergiella, g__Hungatella, g__UBA1819, g__norank_f__Oscillospiraceae, g__Clostridium_innocuum_group, g__norank_f__Ruminococcaceae, c__Verrucomicrobiae, o__Verrucomicrobiales, f__Marinifilaceae, g__Akkermansia, p__Verrucomicrobiota, f__Akkermansiaceae, g__norank_f__Lachnospiraceae, g__norank_f__Christensenellaceae, o__Actinomycetales, f__Actinomycetaceae, g__Eggerthella, o__Eubacteriales, g__Actinomyces, g__Butyricimonas, f__Eubacteriaceae, g__Eubacterium, g__Oscillibacter, g__Bilophila, g__Mogibacterium, f__norank_o__Oscillospirales, g__unclassified_f__Ruminococcaceae, g__Lawsonella, g__Hydrogenoanaerobacterium, g__Holdemania, g__Christensenella, g__norank_f__Clostridium_methylpentosum_group, f__Clostridium_methylpentosum_group, g__Peptoniphilus, g__Candidatus_Soleaferrea, g__Anaerotruncus, f__Corynebacteriaceae, g__Fenollaria",None,LEfSe (LDA),Main Text,,Lennel A. Camuy-Vélez,"Figure 2: Composition of the gut microbiota in sCJD patients and healthy controls. A The abundance of different genera in the two groups (FDR p < 0.05). B Cladogram showing the phylogenetic distribution of fecal microbiota associated with sCJD and healthy controls. The inner ring to outer ring of the cladogram represents the biological taxonomy from phyla to genus. Each dot represents a microbiota in the corresponding taxonomy level. Yellow dot indicates no difference in the abundance between these two groups. Red dot indicates higher abundance in the sCJD patients. Blue dot indicates higher abundance in healthy controls. C LDA chart. The score was obtained by LDA analysis (linear regression analysis). The greater the LDA score, the greater the impact of the representative species abundance on the difference between groups.",,,,,,,,,
YangZhao2024,https://pubmed.ncbi.nlm.nih.gov/39478468/,10.1186/s12883-024-03926-3,Quantitative proteomics and multi-omics analysis identifies potential biomarkers and the underlying pathological molecular networks in Chinese patients with multiple sclerosis.,2024,China,Asia,16S,BMC neurology,Multiple sclerosis (MS),Not Reported,Not reported,They mentioned but no description or reported supplemental,None,,Main Text,,Lennel A. Camuy-Vélez,Verify again methods,,,,,,,,,
CreeSpencer2016,https://pubmed.ncbi.nlm.nih.gov/27398819/,10.1002/ana.24718,Gut microbiome analysis in neuromyelitis optica reveals overabundance of Clostridium perfringens.,2016,USA,North America,16S,Annals of neurology,"Other, Multiple sclerosis (MS)",Not Reported,Yes,"NMO: Clostridium, Acholeplasma, Coprococcus, Blautia, Prevotella, Bacteroides, Flavobacterium, DA101, Corynebacterium, Ruminococcus, Treponema, Candidatus Phytoplasma",None,"Other, Linear (e.g. MaAsLin)",Main Text,,Lennel A. Camuy-Vélez,Supplemental Table 3,,,,,,,,,
SajiTsuduki2022,https://pubmed.ncbi.nlm.nih.gov/34952361/,10.1016/j.nut.2021.111524,"Relationship between the Japanese-style diet, gut microbiota, and dementia: A cross-sectional study.",2022,Japan,Asia,Other,"Nutrition (Burbank, Los Angeles County, Calif.)",Dementia,Not Reported,Not reported,None,None,,Main Text,,Lennel A. Camuy-Vélez,T-RFLP used. ,,,,,,,,,
SajiSaito2022,https://pubmed.ncbi.nlm.nih.gov/35213381/,10.3233/JAD-215653,"Relationship Between Plasma Lipopolysaccharides, Gut Microbiota, and Dementia: A Cross-Sectional Study.",2022,Japan,Asia,Other,Journal of Alzheimer's disease : JAD,Dementia,Not Reported,Not reported,None,None,,Main Text,,Lennel A. Camuy-Vélez,T-RFLP used. ,,,,,,,,,
GongLiu2021,https://pubmed.ncbi.nlm.nih.gov/35046950/,10.3389/fimmu.2021.791780,Disturbance of Gut Bacteria and Metabolites Are Associated with Disease Severity and Predict Outcome of NMDAR Encephalitis: A Prospective Case-Control Study.,2021,China,Asia,16S,Frontiers in immunology,Other,Differing B/w Subgroups,Yes,None,"NMDAR encephalitis (severe group): 80% belonged to Bacteroides, Eubacterium_hallii_group, Anaerostipes, Megamonas, Ruminococcus, Butyricicoccus, and Faecalibacterium,",Other,Main Text,,Lennel A. Camuy-Vélez,Verify result section,,,,,,,,,
StadlbauerEngertsberger2020,https://pubmed.ncbi.nlm.nih.gov/32690030/,10.1186/s12877-020-01644-2,"Dysbiosis, gut barrier dysfunction and inflammation in dementia: a pilot study.",2020,USA,North America,16S,BMC geriatrics,Dementia,No Difference,Yes,"Dementia: Bacteroides dorei, Anaerostipes hadrus, Clostridium clostridoiforme, Ruminococcus torques group, Lachnoclostridium, Clostridiales vadin-BB60 group",None,LEfSe (LDA),Main Text,,Lennel A. Camuy-Vélez,"Figure 2 alpha and beta, Figure 3 LDA",,,,,,,,,
CheneyCostello2023,https://pubmed.ncbi.nlm.nih.gov/36639365/,10.1038/s41467-023-35787-8,Gut microbiome dysbiosis drives metabolic dysfunction in Familial dysautonomia.,2023,USA,North America,16S,Nature communications,Other,Decrease,Yes,None,"FD: Faecalibacterium,  Roseburia, Blautia, Lachnospiraceae, Anaerostipes, Bacteroides",Other,Main Text,,Lennel A. Camuy-Vélez,Random forest used check figure 2 and Supplemental figure 3,,,,,,,,,
WeiZhang2022,https://pubmed.ncbi.nlm.nih.gov/35879681/,10.1186/s12883-022-02804-0,Gut microbiome changes in anti-N-methyl-D-aspartate receptor encephalitis patients.,2022,China,Asia,16S,BMC neurology,Other,Decrease,Yes,"Anti-NMDAR: Streptophyta, Lactobacillaceae, Lactobacillus, Gemellaceae, Gemellales, Peptostreptococcaceae, Coriobacteriaceae, Coriobacteriales, Actinomyces, and Actinomycetaceae","Anti-NMDAR: Oceanospirillales, Halomonas, Halomonadaceae, Butyricimonas, Odoribacteraceae, Coprococcus, Porphyromonadaceae, Parabacteroides, Faecalibacterium, and Ruminococcaceae",LEfSe (LDA),Main Text,,Lennel A. Camuy-Vélez,"Diff abundance Figure 1, Alpha beta Figure 2 ",,,,,,,,,
SajiMurotani2019,https://pubmed.ncbi.nlm.nih.gov/31852995/,10.1038/s41598-019-55851-y,The relationship between the gut microbiome and mild cognitive impairment in patients without dementia: a cross-sectional study conducted in Japan.,2019,Japan,Asia,Other,Scientific reports,"Alzheimer’s disease (AD), Dementia",Not Reported,Not reported,None,None,,Main Text,,Lennel A. Camuy-Vélez,T-RFLP used.  Enterotypes mentiones,,,,,,,,,
ShiWang2023,https://pubmed.ncbi.nlm.nih.gov/36795141/,10.1007/s00253-023-12410-w,The alteration of intestinal mucosal α-synuclein expression and mucosal microbiota in Parkinson's disease.,2023,China,Asia,16S,Applied microbiology and biotechnology,Parkinson’s disease (PD),No Difference,Differing B/w Subgroups,"PD: Duodenal: Proteobacteria, Burkholderiales, Gammaproteobacteria, Burkholderiaceae, Ralstonia, Oxalobacteraceae, Massilia, Lactococcus; PD: Sigmoid: Bifidobacteroim logum, Prevotellaceae",None,LEfSe (LDA),Main Text,,Lennel A. Camuy-Vélez,Figure 5. LDA,,,,,,,,,
CirsteaKliger2022,https://pubmed.ncbi.nlm.nih.gov/35275538/,10.3233/JAD-215520,The Oral and Fecal Microbiota in a Canadian Cohort of Alzheimer's Disease.,2022,Canada,North America,16S,Journal of Alzheimer's disease : JAD,Alzheimer’s disease (AD),Increase,Yes,AD: Weeksellaceae,None,Other,Main Text,,Lennel A. Camuy-Vélez,Using Abstract could not access the article fully. ,,,,,,,,,
DilmoreMartino2023,https://pubmed.ncbi.nlm.nih.gov/37017243/,10.1002/alz.13007,"Effects of a ketogenic and low-fat diet on the human metabolome, microbiome, and foodome in adults at risk for Alzheimer's disease.",2023,USA,North America,Shotgun,Alzheimer's & dementia : the journal of the Alzheimer's Association,Alzheimer’s disease (AD),Not Reported,Yes,"MCI:  Bacteroides fragilis, Dialister invisus, Cryptobacteroim, Acinetobacter, Alistipes, Bacteroides fragilis, Sutterella wadsworthensis",None,Linear (e.g. MaAsLin),Main Text,intervention,Lennel A. Camuy-Vélez,Diff abundance Figure 2. ,,,,,,,,,
WangZhang2024,https://pubmed.ncbi.nlm.nih.gov/39213074/,10.3233/JAD-240597,Characterizing Gut Microbiota in Older Chinese Adults with Cognitive Impairment: A Cross-Sectional Study.,2024,Australia,Oceania,16S,Journal of Alzheimer's disease : JAD,Other,Decrease,Yes,"Shigella, Akkermansia, Acidaminococcus, Synergistes, Pyramidobacter, Alistipes","Firmicutes, Proteobacteria, Bacteroides",LEfSe (LDA),Main Text,,Meika Tomita,,,,,,,,,,
YuanTan2024,https://pubmed.ncbi.nlm.nih.gov/38151560/,10.1007/s11356-023-31504-6,Air particulate pollution exposure associated with impaired cognition via microbiota gut-brain axis: an evidence from rural elderly female in northwest China.,2023,China,Asia,16S,Environmental science and pollution research international,Dementia,Decrease,Differing B/w Subgroups,"Akkermansia, unclassified_Oscillospiraceae, Monoglobus, Veillonella ","Megamonas, Lachnoclostridium, Romboutsia, Megasphaera, Klebsiella, Ligilactobacillus, Haemophilus, Lachnospiraceae_ND3007_group, Lachnospiraceae_UCG_004",LEfSe (LDA),Main Text,gradient/subtypes,Meika Tomita,,,,,,,,,,
LiangFu2022,https://pmc.ncbi.nlm.nih.gov/articles/PMC9661756/,10.1186/s40035-022-00323-z,"Gut microbiome, cognitive function and brain structure: a multi-omics integration analysis",2022,China,Asia,Both,Translational Neurodegeneration,"Alzheimer’s disease (AD), Dementia",,Yes,Dorea longicatena,Odoribacter; Butyricimonas; Bacteroides,,Main Text,,Fnu Babita,,,,,,,,,,
ZhangWang2021,https://pubmed.ncbi.nlm.nih.gov/33871591/,10.1093/ajcn/nqab078,"Diet quality, gut microbiota, and microRNAs associated with mild cognitive impairment in middle-aged and elderly Chinese population.",2021,China,Asia,,The American journal of clinical nutrition,"Other, Alzheimer’s disease (AD)",Decrease,Yes,"Gammaproteobacteria, Megasphaera, Enterobacteriaceae, Rhizobiaceae","Rikenellaceae, Faecalibacterium, unidentified Ruminococcaceae, Alistipes",LEfSe (LDA),Main Text,,Meika Tomita,,,,,,,,,,
WeiHuang2025,https://pubmed.ncbi.nlm.nih.gov/40888486/,10.1177/13872877251372522,Role of Ruminococcus gnavus in the elderly with cognitive impairment: A case-control study and an animal experiment.,2025,China,Asia,16S,Journal of Alzheimer's disease : JAD,Alzheimer’s disease (AD),No Difference,Yes,"Coriobacteriia, Blautia, Ruminococcus gnavus, Actinobacteria","Faecalibacterium prausnitzii, Ruminococcaceae, Faecalibacterium",LEfSe (LDA),Main Text,,Meika Tomita,,,,,,,,,,
ChenFan2024,https://pubmed.ncbi.nlm.nih.gov/38999809/,10.3390/nu16132061,Association of Methyl Donor Nutrients' Dietary Intake and Cognitive Impairment in the Elderly Based on the Intestinal Microbiome.,2024,China,Asia,16S,Nutrients,Dementia,No Difference,Yes,Firmicutes,Bacteroidetes,Other,Main Text,,Meika Tomita,,,,,,,,,,
KleeAho2024,https://pubmed.ncbi.nlm.nih.gov/38706292/,10.14283/jpad.2024.19,Education as Risk Factor of Mild Cognitive Impairment: The Link to the Gut Microbiome.,2024,Luxembourg,Europe,16S,The journal of prevention of Alzheimer's disease,Dementia,No Difference,No,,,"DESeq, ANCOM",Main Text,,Meika Tomita,Was looking at differences between education levels over healthy vs CI,,,,,,,,,
LiuLv2024,https://pubmed.ncbi.nlm.nih.gov/38211635/,10.1016/j.bbi.2024.01.010,Microbiota-microglia crosstalk between Blautia producta and neuroinflammation of Parkinson's disease: A bench-to-bedside translational approach.,2024,China,Asia,16S,"Brain, behavior, and immunity",Parkinson’s disease (PD),No Difference,No,"Bacteroides, Bacteroidaceae, Candidatus_Soleaferrea, Oscillibacter, Comamonadaceae, Hungatella, UBA1819","Blautia, Ruminococcus_torques_group, Lachnospiraceae, Fusobacterium, Fusobacteriaceae, Fusobacteriota, Fusobacteriales, Monoglobus, ",LEfSe (LDA),Main Text,,Meika Tomita,,,,,,,,,,
ChaudhariJain2023,https://pubmed.ncbi.nlm.nih.gov/37213047/,10.1007/s11357-023-00799-1,Unique trans-kingdom microbiome structural and functional signatures predict cognitive decline in older adults.,2023,United States of America,North America,Shotgun,GeroScience,Dementia,No Difference,No,"Anaerostipes hadrus, Blautia obeum",Ruminococcus bromii and Eubacterium rectale,LEfSe (LDA),Main Text,,Meika Tomita,,,,,,,,,,
MarizzoniMirabelli2023,https://pubmed.ncbi.nlm.nih.gov/37254223/,10.1186/s13195-023-01218-5,A peripheral signature of Alzheimer's disease featuring microbiota-gut-brain axis markers.,2023,Switzerland,Europe,16S,Alzheimer's research & therapy,Alzheimer’s disease (AD),No Difference,No,"Bifidobacterium, Dialister",Acetonema,LEfSe (LDA),Main Text,gradient/subtypes,Meika Tomita,,,,,,,,,,
NieJing2023,https://pubmed.ncbi.nlm.nih.gov/36995383/,10.1007/s00253-023-12489-1,The link between increased Desulfovibrio and disease severity in Parkinson's disease.,2023,China,Asia,Both,Applied microbiology and biotechnology,Parkinson’s disease (PD),Increase,Yes,"Bifidobacterium, Megasphaera, Lactobacillus, Desulfovibrio ",Roseburia,Other,Main Text,,Meika Tomita,,,,,,,,,,
PellizoniLeite2021,https://pubmed.ncbi.nlm.nih.gov/33925359/,10.3390/ijerph18094621,Detection of Dysbiosis and Increased Intestinal Permeability in Brazilian Patients with Relapsing-Remitting Multiple Sclerosis.,2021,Brazil,South America,16S,International journal of environmental research and public health,Multiple sclerosis (MS),No Difference,Yes,"Flavobacterium, Parabacteroides","Streptococcus, Bifidobacterium",Other,Main Text,,Meika Tomita,,,,,,,,,,
LiZhu2023,https://pubmed.ncbi.nlm.nih.gov/36931530/,10.1016/j.nbd.2023.106081,Metagenomic association analysis of cognitive impairment in community-dwelling older adults.,2023,China,Asia,Shotgun,Neurobiology of disease,"Dementia, Other",No Difference,No,"Mild Cognitive Impairment (MCI): Dialister invisus; Dementia: Holdemanella biformis, Citrobacter youngae, Alistipes shahii","Cognitive Impairment (CI): Anaerostipes hadrus, Eggerthella lenta, Streptococcus gordonii, Eubacterium ramulus; Mild Cognitive Impairment (MCI): Hungatella hathewayi, Eggerthella lenta, Streptococcus gordonii; Dementia: Bifidobacterium pseudocatenulatum, Fusicatenibacter saccharivorans, Eggerthella lenta ",LEfSe (LDA),Main Text,gradient/subtypes,Meika Tomita,compared dementia vs MCI,,,,,,,,,
GongBa2022,https://pubmed.ncbi.nlm.nih.gov/36814376/,10.7555/JBR.36.20220198,Gut microbiota links with cognitive impairment in amyotrophic lateral sclerosis: A multi-omics study.,2022,China,Asia,16S,Journal of biomedical research,Amyotrophic lateral sclerosis (ALS),No Difference,Yes,"Subdoligranulum, Olsenella, Pygmaiobacter, Ralstonia, Gordonibacter","Escherichia Shigella, Klebsiella, Lachnoclostridium, Sutterella, Enterobacteriaceae",LEfSe (LDA),Main Text,,Meika Tomita,,,,,,,,,,
NiccolaiDi2021,https://pubmed.ncbi.nlm.nih.gov/34209688/,10.3390/biomedicines9070753,The Gut Microbiota-Immunity Axis in ALS: A Role in Deciphering Disease Heterogeneity?,2021,Italy,Europe,16S,Biomedicines,Amyotrophic lateral sclerosis (ALS),No Difference,No,N/A,"Erysipelotrichaceae_UCG-003 (Erysipelatoclostridiaceae fam.), Fusicatenibacter (Lachnospiraceae fam.), Subdoligranulum (Ruminococcaceae fam.) ",Other,Main Text,,Meika Tomita,,,,,,,,,,
PavanGorthi2023,https://pubmed.ncbi.nlm.nih.gov/38229613/,10.4103/aian.aian_460_23,Dysbiosis of the Beneficial Gut Bacteria in Patients with Parkinson's Disease from India.,2023,India,Asia,16S,Annals of Indian Academy of Neurology,Parkinson’s disease (PD),Differing B/w Subgroups,Yes,"Clostridia_UCG_014 (r = −0.35, P value = 0.05)","Lachnospiraceae (r = −0.43, P value = 0.01), Faecalibacterium (r = −0.4, P value = 0.02), Fusicatenibacter (r = −0.38, P value = 0.03), Ruminococcus gauvreauii group (r = −0.35, P value = 0.05)",LEfSe (LDA),Main Text,,Meika Tomita,,,,,,,,,,
DonaldsonFyfe2025,https://pubmed.ncbi.nlm.nih.gov/40126287/,10.3390/geriatrics10020037,Aging Gut-Brain Interactions: Pro-Inflammatory Gut Bacteria Are Elevated in Fecal Samples from Individuals Living with Alzheimer's Dementia.,2025,UK,Europe,16S,"Geriatrics (Basel, Switzerland)","Alzheimer’s disease (AD), Dementia",No Difference,Not reported,"Escherichia/Shigella, Clostridium_sensu_stricto_1","Bacteroides, Faecalibacterium, Blautia, Roseburia",Other,Main Text,,Meika Tomita,,,,,,,,,,
WanZhou2019,https://pubmed.ncbi.nlm.nih.gov/31680836/,10.3389/fnins.2019.01102,Alterations of the Gut Microbiota in Multiple System Atrophy Patients.,2019,China,Asia,Shotgun,Frontiers in neuroscience,Multiple system atrophy (MSA),Not Reported,Not reported,"Roseburia hominis, Akkermansia muciniphila, Alistipes onderdonkii, Streptococcus parasanguinis, Staphylococcus xylosus","Bacteroides coprocola, Megamonas funiformis, Bifidobacterium pseudocatenulatum, Clostridium nexile, Bacteroides plebeius, Granulicatella adiacens",LEfSe (LDA),Main Text,,Meika Tomita,,,,,,,,,,
GalluzzoCapri2021,https://pubmed.ncbi.nlm.nih.gov/34206853/,10.3390/life11070620,Comparison of the Intestinal Microbiome of Italian Patients with Multiple Sclerosis and Their Household Relatives.,2021,Italy,Europe,16S,"Life (Basel, Switzerland)",Multiple sclerosis (MS),No Difference,No,"Ruminococcaceae, Christensenellaceae, Desulfovibrionaceae, Clostridiales, and Family XIII","Bacteroidaceae, Tannerellaceae, Veillonellaceae, and Burkholderiaceae",Other,Main Text,,Meika Tomita,,,,,,,,,,
BedarfRomano2025,https://pubmed.ncbi.nlm.nih.gov/40180909/,10.1038/s41531-025-00885-5,A prebiotic dietary pilot intervention restores faecal metabolites and may be neuroprotective in Parkinson's Disease.,2025,UK,Europe,Shotgun,NPJ Parkinson's disease,Parkinson’s disease (PD),Not Reported,Not reported,"Akkermansia muciniphila, Prevotella spp.","Bacteroides fragilis, Anaerostipes hadrus",Other,Main Text,intervention,Meika Tomita,,,,,,,,,,
StormLarsenMyhr2019,https://pubmed.ncbi.nlm.nih.gov/31798939/,10.1177/2055217319888767,Gut microbiota composition during a 12-week intervention with delayed-release dimethyl fumarate in multiple sclerosis - a pilot trial.,2019,Norway,Europe,16S,"Multiple sclerosis journal - experimental, translational and clinical",Multiple sclerosis (MS),No Difference,Yes,,Faecalibacterium,Other,Main Text,intervention,Meika Tomita,,,,,,,,,,
FangWang2016,https://pubmed.ncbi.nlm.nih.gov/27703453/,10.3389/fmicb.2016.01479,Evaluation of the Microbial Diversity in Amyotrophic Lateral Sclerosis Using High-Throughput Sequencing.,2016,China,Asia,16S,Frontiers in microbiology,Amyotrophic lateral sclerosis (ALS),Not Reported,Not reported,Bacteroidetes; Dorea,Firmicutes; oscillibacter; anaerostipes; lachnospiraceae,LEfSe (LDA),Main Text,,Crystal X. Wang,,,,,,,,,,
RenGao2020,https://pubmed.ncbi.nlm.nih.gov/32161568/,10.3389/fneur.2020.00137,Gut Microbiota Altered in Mild Cognitive Impairment Compared With Normal Cognition in Sporadic Parkinson's Disease.,2020,China,Asia,16S,Frontiers in neurology,Parkinson’s disease (PD),Increase,Yes,Blautia; Ruminococcus; Alistipes; Barnesiella; Butyricimonas; Odoribacter,Veillonella; Bacteroidetes,LEfSe (LDA),Main Text,gradient/subtypes,Crystal X. Wang,,,,,,,,,,
ParaschivVacaras2024,https://pubmed.ncbi.nlm.nih.gov/38638559/,10.15698/mic2024.03.819,The effect of multiple sclerosis therapy on gut microbiota dysbiosis: a longitudinal prospective study.,2024,Romania,Europe,16S,"Microbial cell (Graz, Austria)",Multiple sclerosis (MS),No Difference,No,Prevotella stercorea; Bacteroidales,Faecalibacterium; Bifidobacterium; Coprococcus; Lachnospiraceae,LEfSe (LDA),Main Text,,Crystal X. Wang,,,,,,,,,,
LingZhu2020,https://pubmed.ncbi.nlm.nih.gov/33614635/,10.3389/fcell.2020.634069,Structural and Functional Dysbiosis of Fecal Microbiota in Chinese Patients With Alzheimer's Disease.,2020,China,Asia,16S,Frontiers in cell and developmental biology,Alzheimer’s disease (AD),Decrease,Not reported,"Bifidobacteriaceae, Verrucomicrobiaceae, Coriobacteriaceae, Erysipelotrichaceae, Enterococcaceae, Corynebacteriaceae","Faecalibacterium, Roseburia, Coprococcus, Butyricicoccus, Gemmiger, Dialister, Romboutsia, Clostridium sensu stricto",LEfSe (LDA),Main Text,,Khanh Nguyen ,,,,,,,,,,
ZapalaStefura2021,https://doi.org/10.3390/jcm10235698,10.3390/jcm10235698,Differences in the Composition of Gut Microbiota between Patients with Parkinson’s Disease and Healthy Controls: A Cohort Study,2021,Poland,Europe,16S,Journal of Clinical Medicine,Parkinson’s disease (PD),Increase,Yes,Parabacteroides merdae; Bacteroides massiliensis; Ruminococcus gauvreauii; Parabacteroides distasonis; Streptococcus mutans; Acidaminobacter hydrogenformans; Flavonifractor plautii; Clostridium hethewayi; Bilophila wadsworthia; Clostridium thermosuccinogenes,Eubacterium ramulus; Anaerostipes butyraticus; Megamonas funiformis; Balutia faecis; Bifidobacterium longum,,Main Text,,Fnu Babita,,,,,,,,,,
HerediaMateo2025,https://pubmed.ncbi.nlm.nih.gov/40612463/,10.1016/j.dib.2025.111778,Dataset on neuropsychological profile and microbiota composition in cognitively unimpaired elderly and Alzheimer's patients.,2025,Spain,Europe,Shotgun,Data in brief,Alzheimer’s disease (AD),Not Reported,Not reported,N/A,N/A,Other,Main Text,,Khanh Nguyen ,,,,,,,,,,
VascellariPalmas2020,https://pubmed.ncbi.nlm.nih.gov/32934117/,10.1128/mSystems.00561-20,Gut Microbiota and Metabolome Alterations Associated with Parkinson's Disease.,2020,Italy,North America,16S,mSystems,Parkinson’s disease (PD),No Difference,No,"Actinobacteria, Proteobacteria, and Verrucomicrobia","Bacteroidetes, Cyanobacteria, Firmicutes",LEfSe (LDA),Main Text,,Khanh Nguyen ,,,,,,,,,,
NishiwakiUeyama2022,https://pubmed.ncbi.nlm.nih.gov/36494405/,10.1038/s41531-022-00428-2,Gut microbiota in dementia with Lewy bodies.,2022,Japan,North America,16S,NPJ Parkinson's disease,"Dementia, Alzheimer’s disease (AD), Parkinson’s disease (PD)",Not Reported,Not reported,"Collinsella, Eggerthella, and Ruminococcus torques","Agathobacter, Lachnospiraceae ND3007 group, Butyricicoccus, Coprococcus, Faecalibacterium, Fusicatenibacter, and Haemophilus",ANCOM,Main Text,,Khanh Nguyen ,,,,,,,,,,
CabreraCarrión2025,https://pubmed.ncbi.nlm.nih.gov/41029837/,10.1186/s13195-025-01862-z,"Gut microbiota characterization in ageing, mild cognitive impairment, and Alzheimer's disease in the context of mediterranean lifestyle in a Spanish population.",2025,Spain,Europe,Shotgun,Alzheimer's research & therapy,"Alzheimer’s disease (AD), Dementia",No Difference,No,"Coprococcus comes, Odoribacter splanchnicus","Coprococcus comes, Odoribacter splanchnicus, Roseburia intestinalis, Parabacteroides distasonis, Bacteroides eggerthii and Alistipes sp. dk3624",LEfSe (LDA),Main Text,,Khanh Nguyen ,,,,,,,,,,
WasserMercieca2020,https://pubmed.ncbi.nlm.nih.gov/33005892/,10.1093/braincomms/fcaa110,"Gut dysbiosis in Huntington's disease: associations among gut microbiota, cognitive performance and clinical outcomes.",2020,Australia,Oceania,16S,Brain communications,Huntington’s disease (HD),Decrease,Yes,N/A,"Acidaminococcaceae, Akkermansiaceae, Bacteroidaceae, Bifidobacteriaceae, Christensenellaceae, Clostridiaceae, Coriobacteriaceae, Eggerthellaceae, Enterobacteriaceae, Erysipelotrichaceae, Flavobacteriaceae, Lachnospiraceae, Methanobacteriaceae, Peptococcaceae, Peptostreptococcaceae and Rikenellaceae",Other,Main Text,,Khanh Nguyen ,,,,,,,,,,
CerroniPietrucci2022,https://pubmed.ncbi.nlm.nih.gov/35741624/,10.3390/brainsci12060739,Not just a Snapshot: An Italian Longitudinal Evaluation of Stability of Gut Microbiota Findings in Parkinson's Disease.,2022,Italy,Europe,16S,Brain sciences,Parkinson’s disease (PD),No Difference,No,N/A,"A. Bacteroidaceae, B. Rikenellaceae, C. Barnesiellaceae, D. Marinifilaceae, E. Tannerellaceae, F. Lachnospiracae",Other,Main Text,,Khanh Nguyen ,,,,,,,,,,
HouXu2021,https://pubmed.ncbi.nlm.nih.gov/33732104/,10.3389/fnins.2021.619051,APOE-ε4 Carrier Status and Gut Microbiota Dysbiosis in Patients With Alzheimer Disease.,2021,China,Asia,16S,Frontiers in neuroscience,Alzheimer’s disease (AD),No Difference,No,"Enterobacteriales, Deltaproteobacteria,, Desulfovibrionales, Escherichia–Shigella, Ruminococcaceae_UCG_002, Shuttleworthia, Anaerofustis, Morganelia, Finegoldia, and Anaerotruncus",N/A,LEfSe (LDA),Main Text,,Khanh Nguyen ,,,,,,,,,,
FanLin2023,https://pubmed.ncbi.nlm.nih.gov/37346147/,10.3389/fnagi.2023.1162057,Altered gut microbiota in older adults with mild cognitive impairment: a case-control study.,2023,Taiwan,Asia,16S,Frontiers in aging neuroscience,Alzheimer’s disease (AD),No Difference,No,"Gemellaceae, Saccharimonadaceae, Phocea, Gemella, Anaeroglobus, Cloacibacillus, Lactococcus, Flavonifractor, Lactiplantibacillus, Cetobacterium, Eubacterium fissicatena","Ruminococcus, Butyricimonas, and Oxalobacter",LEfSe (LDA),Main Text,,Khanh Nguyen ,,,,,,,,,,
KazenUmfleet2025,https://pubmed.ncbi.nlm.nih.gov/40563710/,10.3390/brainsci15060538,Gut Microbiota and Neurovascular Patterns in Amnestic Mild Cognitive Impairment.,2025,United States,North America,16S,Brain sciences,"Alzheimer’s disease (AD), Stroke",No Difference,No,"Alistipes indistinctus, Faecalibacterium prausnitzii,, Anaerostipes, Bilophila wadsworthia","Akkermansia, Turicibacter, Subdoligranulum, Eisenbergiella, Christensenellaceae R-7 group, Colidextribacter massiliensis, and Ruminococcus",LEfSe (LDA),Main Text,,Khanh Nguyen ,,,,,,,,,,
JacobRout2025,https://pubmed.ncbi.nlm.nih.gov/41117133/,10.1080/17582024.2025.2574204,Gut microbiome differences in Parkinson's disease patients in Central Kerala population.,2025,India,Asia,16S,Neurodegenerative disease management,Parkinson’s disease (PD),No Difference,Yes,"Lactobacillus ruminis, Eubacterium biforme, Lactobacillus mucosae, Bifidobacterium longum, Roseburia faecis","Faecalibacterium prausnitzii, Prevotella copri",Other,Main Text,,Khanh Nguyen ,,,,,,,,,,
NeklesovaSogomonyan2025,https://pubmed.ncbi.nlm.nih.gov/40868061/,10.3390/biomedicines13081806,Gut Microbiome Signatures in Multiple Sclerosis: A Case-Control Study with Machine Learning and Global Data Integration.,2025,Russia,Europe,16S,Biomedicines,Multiple sclerosis (MS),Not Reported,Not reported,Lachnospiraceae UCG-008 ,"Eubacteriales, Lachnospirales, Oscillospiraceae, Lachnospiraceae, Parasutterella, Faecalibacterium ",Other,Main Text,,Khanh Nguyen ,,,,,,,,,,
JinLi2019,https://pubmed.ncbi.nlm.nih.gov/31824239/,10.3389/fnins.2019.01184,Analysis of the Gut Microflora in Patients With Parkinson's Disease.,2019,China,Asia,16S,Frontiers in neuroscience,Parkinson’s disease (PD),Increase,Yes,"Christensenellaceae, Clostridialesvadin BB60 group, and Rikenellaceae and less Prevotellaceae and Lactobacillaceae; Turicibacteraceae, Ruminococcaceae, and Rikenellaceae; Butyricimonas, Parabacteroides, Christensenellaceae R-7 group, Ruminococcaceae UCG, and Alistipes","Bulleidia, Turicibacter, and Adlercreutzia and higher levels of Streptococcus, Ruminococcus, Paraprevotella, 7N15, and Acidaminococcus",LEfSe (LDA),Main Text,,Khanh Nguyen ,,,,,,,,,,
LiCui2019,https://doi.org/10.3389/fnmol.2019.00171,10.3389/fnmol.2019.00171,Gut Microbiota Differs Between Parkinson’s Disease Patients and Healthy Controls in Northeast China,2019,China,Asia,16S,Frontiers in Molecular Neuroscience,Parkinson’s disease (PD),Increase,Yes,Akkermansia (q<0.05; LEfSe LDA≥4),Bacilli (q<0.05; class); Lactobacillales (q<0.05); Lactobacillaceae (q<0.05); Lactobacillus (q<0.05; LEfSe LDA≥4).,,Main Text,,Emily Song,,,,,,,,,,
WeisSchwiertz2019,https://pubmed.ncbi.nlm.nih.gov/31815177/,10.1038/s41531-019-0100-x,Effect of Parkinson's disease and related medications on the composition of the fecal bacterial microbiota.,2019,Germany,Europe,16S,NPJ Parkinson's disease,Parkinson’s disease (PD),Decrease,No,"Clostridiales family XI, Peptoniphilus, Finegoldia, Anaerococcus, Eubacterium brachy group, Sellimonas, Bifidobacterium, Enterococcus, Enterococcaceae, Bifidobacteriaceae","Faecalibacterium, Fusicatenibacter, Ruminococcus gauvreauii group, Ruminococcaceae",Other,Main Text,intervention,Khanh Nguyen ,,,,,,,,,,
CosmaGrigorovMeixner2020,https://pubmed.ncbi.nlm.nih.gov/33071933/,10.3389/fneur.2020.01041,Changes in Gastrointestinal Microbiome Composition in PD: A Pivotal Role of Covariates.,2020,Germany,Europe,16S,Frontiers in neurology,Parkinson’s disease (PD),Decrease,Yes,"Bacteroidaceae, Streptococcaceae, Veillonellaceae, Bacteroides, Streptococcus, Veillonella, Gammaproteobacteria, Parabacteroides, Turicibacter","Firmicutes, Clostridia, Clostridiales, Lachnospiraceae, Clostridiaceae, Faecalibacterium, Oscillospira, Sutterella, Ruminococcus, Coprococcus, Clostridium, Clostridiales incertae sedis XII, Clostridiales incertae sedis XIII",Other,Main Text,gradient/subtypes,Khanh Nguyen ,,,,,,,,,,
ChenBi2021,https://pubmed.ncbi.nlm.nih.gov/35035709/,PMID/35035709,An analysis of the characteristics of the intestinal flora in patients with Parkinson's disease complicated with constipation.,2021,China,Asia,16S,American journal of translational research,Parkinson’s disease (PD),No Difference,Yes,"Hungatella, Collinsella, Actinomyces, Streptococcaceae, Coriobacteriaceae, Coriobacteriales, Coriobacteria","Lachnospira, Fusicatenibacter, Sutterella parvirubra, Bacteroides massiliensis",LEfSe (LDA),Main Text,confounding disease,Khanh Nguyen ,,,,,,,,,,
CoufalZakostelska2025,https://pubmed.ncbi.nlm.nih.gov/41358150/,10.1016/j.isci.2025.113872,Ocrelizumab transiently alters microbiota and modulates immune response depending on treatment outcome.,2025,Czech Republic,Europe,16S,iScience,Multiple sclerosis (MS),Decrease,Yes,"Streptococcus, Barnesiella, Collinsella, Blautia","Coprococcus, Agathobacter, Oscillospiraceae NK4A214 group, Faecalibacterium, Roseburia, Prevotella_9, Parabacteroides, Ruminococcus, Blautia, Phascolarctobacterium, Alistipes",DESeq,Main Text,intervention,Khanh Nguyen ,,,,,,,,,,
StaunRamVolkowich2025,https://pubmed.ncbi.nlm.nih.gov/40092554/,10.1177/17562864241306565,Immunotherapy-mediated modulation of the gut microbiota in multiple sclerosis and associations with diet and clinical response-the effect of dimethyl fumarate therapy.,2025,Israel,Middle East,16S,Therapeutic advances in neurological disorders,Multiple sclerosis (MS),No Difference,Differing B/w Subgroups,,Lachnospiraceae; Prevotella,"LEfSe (LDA), DESeq",Main Text,intervention,Marc W. Van Goethem,"Beta diversity only differed significantly between treatment and HC, not between pre-treatment and treatment or pre-treatment and HC.",,,,,,,,,
TrociPhilippen2024,https://doi.org/10.1093/pnasnexus/pgad427,10.1093/pnasnexus/pgad427,Disease- and stage-specific alterations of the oral and fecal microbiota in Alzheimer’s disease,2024,Germany,Europe,16S,PNAS Nexus,Alzheimer’s disease (AD),No Difference,Yes,Bacteroides (FDR < 0.05); Sutterella (FDR < 0.05); Porphyromonadaceae uncl. (FDR < 0.05); Parabacteroides; Akkermansia (FDR < 0.05); Fusobacterium; Veillonella; Actinobacillus; Neisseria (FDR < 0.05),Lachnospiraceae (FDR < 0.05); Roseburia (FDR < 0.05); Coprobacter (FDR < 0.05); Ruminococcus (FDR < 0.05). MCI > Ctrl: ↑ Bacteroides; Dialister; Butyricimonas (FDR < 0.05). Oral (AD > Ctrl): ↑ Porphyromonas; Rothia; Gemella (FDR < 0.05).,,Main Text,,Emily Song,,,,,,,,,,
RouskasMamalaki2025,https://pubmed.ncbi.nlm.nih.gov/41011443/,10.3390/microorganisms13092112,Gut Microbiome Alterations in Mild Cognitive Impairment: Findings from the ALBION Greek Cohort.,2025,Greece,Europe,16S,Microorganisms,"Alzheimer’s disease (AD), Dementia",No Difference,No,"Candidatus Soleaferrea (q=0.027, FDR < 0.05); Hydrogenoanaerobacterium (log2FC=7.56); UBA1819 (log2FC=1.75)","Sellimonas (q=0.017, FDR < 0.05); UCG_011 (log2FC=−8.15); CAG_352 (log2FC=−5.77)",Linear (e.g. MaAsLin),Main Text,,Marc W. Van Goethem,,,,,,,,,,
HeSheng2023,https://pubmed.ncbi.nlm.nih.gov/37520126/,10.3389/fnagi.2023.1216509,Alterations of gut microbiota are associated with brain structural changes in the spectrum of Alzheimer's disease: the SILCODE study in Hainan cohort.,2023,China,Asia,16S,Frontiers in aging neuroscience,Alzheimer’s disease (AD),No Difference,No,Rikenellaceae (LDA=3.65); Odoribacteraceae (LDA=3.06); Mediterraneibacter (LDA=3.18); Alistipes (LDA=3.65),Lachnospiraceae (LDA = 4.64); Lachnospiracea_incertae_sedis (LDA = 3.40); Fusicatenibacter (LDA = 3.29); Anaerobutyricum (LDA = 2.69),LEfSe (LDA),Main Text,,Marc W. Van Goethem,,,,,,,,,,
ChoileáinKleinewietfeld2020,https://pubmed.ncbi.nlm.nih.gov/32743517/,10.1016/j.jtauto.2019.100032,CXCR3+ T cells in multiple sclerosis correlate with reduced diversity of the gut microbiome.,2020,,North America,16S,Journal of translational autoimmunity,Multiple sclerosis (MS),Decrease,Yes,Bacteroidetes,Coprococcus; Clostridium; Ruminococcaceae,LEfSe (LDA),Main Text,,Marc W. Van Goethem,"Beta diversity was significantly different for unweighted UniFrac, but not for weighted UniFrac. Also, Country is undeclared as far as I can tell. Likely USA based on the authors affiliations.",,,,,,,,,
SinghFestari2025,https://pubmed.ncbi.nlm.nih.gov/40144018/,10.3389/fncel.2025.1550333,Association between cognitive functioning and microbiota-gut-brain axis mediators in a memory clinic population.,2025,Italy,Europe,16S,Frontiers in cellular neuroscience,"Alzheimer’s disease (AD), Dementia",Not Reported,Not reported,Bifidobacterium; Dialister; Clostridia_UCG-014 (Alzheimers CI) and Bifidobacterium; Dialister; Collinsella (Non-Alzheimers CI),Acetonema; Moryella; Blautia (Alzheimers CI) and Acetonema; Lachnospiraceae ND3007; Ruminococcus gnavus; Oscillobacter (Non-Alzheimers CI),,Main Text,gradient/subtypes,Marc W. Van Goethem,,,,,,,,,,
IlieVăcăreanTrandafir2025,https://pubmed.ncbi.nlm.nih.gov/41245833/,10.3389/fnins.2025.1654995,Exploring gut microbiota alterations in Parkinson's disease: insights from a 16S amplicon sequencing Eastern European pilot study.,2025,Romania,Europe,16S,Frontiers in neuroscience,Parkinson’s disease (PD),No Difference,No,Blautia; Mogibacterium; Rikenellaceae RC9,Lachnospiraceae UCG-001 (p<0.0156); Fusicatenibacter; Butyricicoccus; Anaerostipes; Erysipelotrichaceae UCG-003; Tyzzerella,"LEfSe (LDA), Linear (e.g. MaAsLin)",Main Text,,Marc W. Van Goethem,,,,,,,,,,
BoertienMurtomäki2022,https://pubmed.ncbi.nlm.nih.gov/36216843/,10.1038/s41531-022-00395-8,Fecal microbiome alterations in treatment-naive de novo Parkinson's disease.,2022,Netherlands and Finland,Europe,16S,NPJ Parkinson's disease,Parkinson’s disease (PD),Increase,Yes,Rikenellaceae RC9 gut group (Netherlands),Clostridia UCG-014 (Netherlands); Roseburia (both countries); Lachnospiraceae GCA-900066575 (Finland),"ANCOM, DESeq",Main Text,,Marc W. Van Goethem,"Alpha diversity was higher in PD patients from Netherlands, but lower in PD patients from Finland, compared to healthy controls. Conflicting differential taxa between ANCOM and DESeq2 analyses.",,,,,,,,,
YayYilmaz2024,https://pubmed.ncbi.nlm.nih.gov/38528960/,10.1080/20002297.2024.2331264,Oral and gut microbial profiling in periodontitis and Parkinson's disease.,2024,United States,North America,16S,Journal of oral microbiology,Parkinson’s disease (PD),Differing B/w Subgroups,Differing B/w Subgroups,"Mycoplasma faucium; Tannerella forsythia, Parvimonas micra; Saccharibacteria (Parkinsons group), and Prevotella pallens; Prevotella melaninogenica; Neisseria multispecies (Parkinsons+Periodontitis group)",Rothia dentocariosa; Gamella sanguinis (Healthy controls),LEfSe (LDA),Main Text,gradient/subtypes;confounding disease,Marc W. Van Goethem,"Note that these oral saliva samples. Also unclear where subjects were recruited from, possibly Turkey.",,,,,,,,,
LinLi2025,https://pubmed.ncbi.nlm.nih.gov/41404035/,10.3389/fnins.2025.1667331,Alterations in gut microbiota and plasma metabolites: a multi-omics study of mild cognitive impairment in Parkinson's disease.,2025,China,Asia,16S,Frontiers in neuroscience,Parkinson’s disease (PD),No Difference,Differing B/w Subgroups,Senegalimassilia; Eubacterium,Eggerthella; Blautia; Lachnoclostridium; Erysipelatoclostridium; Oscillospirales; Megasphaera; Lactococcus,"LEfSe (LDA), Linear (e.g. MaAsLin)",Main Text,gradient/subtypes,Marc W. Van Goethem,,,,,,,,,,
KimKim2024,https://pubmed.ncbi.nlm.nih.gov/38610709/,10.3390/jcm13071944,Alterations in Gut Microbiota and Their Correlation with Brain Beta-Amyloid Burden Measured by (18)F-Florbetaben PET in Mild Cognitive Impairment Due to Alzheimer's Disease.,2024,South Korea,Asia,16S,Journal of clinical medicine,Alzheimer’s disease (AD),Decrease,Yes,Bacilli (p=0.034); Lactobacillales (p=0.047); Anaerostipes (p=0.036),Ruminococcaceae (p=0.006); Christensenellaceae (p=0.002); Rikenellaceae (p=0.011); Barnesiellaceae (p=0.015); Faecalibacterium (p=0.014); Lachnospira (p=0.008); Oscillibacter (p=0.009); Ruminococcus (p=0.034); Roseburia (p=0.039); Sporobacter (p=0.022); Alistipes (p=0.011); Barnesiella (p=0.013); Pseudoflavonifractor (p=0.014),"LEfSe (LDA), Linear (e.g. MaAsLin)",Main Text,,Marc W. Van Goethem,,,,,,,,,,
HuWang2024,https://pubmed.ncbi.nlm.nih.gov/39512468/,10.1016/j.heliyon.2024.e38645,Retrospective analysis of diet and gut microbiota diversity and clinical pharmacology outcomes in patients with Parkinsonism syndrome.,2024,China,Asia,16S,Heliyon,Parkinson’s disease (PD),Increase,Not reported,Porphyromonas; Bifidobacterium; Lactococcus; Enterobacter; Acetobacter; Oxalobacter; Lachnospira; Enterococcus; Rhodospirillum; Gemmiger; Collinsella; Butyricimonas; Alistipes; Odoribacter (all p<0.05),Mitsuokella (p<0.05),"ANCOM, LEfSe (LDA), DESeq",Main Text,,Marc W. Van Goethem,,,,,,,,,,
ZhangHuang2022,https://pubmed.ncbi.nlm.nih.gov/35931717/,10.1038/s41531-022-00359-y,Specific gut microbiota alterations in essential tremor and its difference from Parkinson's disease.,2022,China,Asia,16S,NPJ Parkinson's disease,"Other, Parkinson’s disease (PD)",Differing B/w Subgroups,Differing B/w Subgroups,,Ruminococcus; Romboutsia; Mucispirillum; Aeromonas; Helicobacter; Candidatus Arthromitus; Peptoclostridium,LEfSe (LDA),Main Text,,Marc W. Van Goethem,Compared Essential Tremor (ET) with PD. PD and NC results are only in supplementary. Also performed qPCR to estimate total microbial load.,,,,,,,,,
LubomskiXu2022,https://pubmed.ncbi.nlm.nih.gov/35656540/,10.3389/fnagi.2022.875261,The Gut Microbiome in Parkinson's Disease: A Longitudinal Study of the Impacts on Disease Progression and the Use of Device-Assisted Therapies.,2022,Australia,Oceania,16S,Frontiers in aging neuroscience,Parkinson’s disease (PD),Decrease,Yes,Lactobacillaceae,Butyricicoccus; Fusicatenibacter; Lachnospiraceae ND3007; Erysipelotrichaceae UCG-003,Other,Main Text,,Marc W. Van Goethem,Used ANOVA-like differential expression (ALDEx2),,,,,,,,,
HuangLi2019,https://doi.org/10.3389/fped.2019.00394,10.3389/fped.2019.00394,Distinct Gut Microbiota Composition and Functional Category in Children With Cerebral Palsy and Epilepsy,2019,China,Asia,16S,Frontiers in Pediatrics,Epilepsy,Increase,Yes,Bifidobacterium (Wilcoxon FDR<0.001); Streptococcus (Wilcoxon FDR<0.001); Akkermansia (Wilcoxon FDR<0.001); Enterococcus (Wilcoxon FDR<0.001); Prevotella (Wilcoxon FDR<0.001); Veillonella (Wilcoxon FDR<0.001); Rothia (Wilcoxon FDR<0.001); Clostridium IV (Wilcoxon FDR<0.001),Bacteroides (Wilcoxon FDR<0.001); Faecalibacterium (Wilcoxon FDR<0.001); Blautia (Wilcoxon FDR=0.037); Ruminococcus (Wilcoxon FDR<0.001); Roseburia (Wilcoxon FDR<0.001); Anaerostipes (Wilcoxon FDR<0.001); Parasutterella (Wilcoxon FDR<0.001),,Main Text,,Emily Song,,,,,,,,,,
LinLin2025,https://pubmed.ncbi.nlm.nih.gov/40046438/,10.3389/fnins.2025.1545690,Plasma exosomal miRNA expression and gut microbiota dysbiosis are associated with cognitive impairment in Alzheimer's disease.,2025,China,Asia,Shotgun,Frontiers in neuroscience,Alzheimer’s disease (AD),Not Reported,Not reported,Propionibacteriaceae; Peptoniphilus; Anaerococcus; Tannerella; Arachnia; Dermabacter; Burkholderia cepacia; Fusobacterium necrophorum; Blautia hydrogenotrophica; Streptococcus porcinus; Streptococcus parasuis; Actinomyces sp. oral taxon 848,Romboutsia; Faecalibacterium; Roseburia; Sarcina; Massilistercora timonensis; Lachnospiraceae bacterium GAM79; Romboutsia ilealis; Faecalibacterium prausnitzii; Roseburia inulinivorans; Roseburia intestinalis; Sarcina sp. JB2; Uncultured Erysipelotrichaceae,LEfSe (LDA),Main Text,,Marc W. Van Goethem,,,,,,,,,,
QianYang2018,https://pubmed.ncbi.nlm.nih.gov/29881345/,10.3389/fnagi.2018.00156,Detection of Microbial 16S rRNA Gene in the Blood of Patients With Parkinson's Disease.,2018,China,Asia,16S,Frontiers in aging neuroscience,Parkinson’s disease (PD),No Difference,No,Myroides; Isoptericola; Microbacterium; Cloacibacterium; Enhydrobacter (LDA Score (log10) > 2; FDR 5%),Limnobacter,LEfSe (LDA),Main Text,,Marc W. Van Goethem,These are blood samples,,,,,,,,,
WadopVasquez2025,https://pubmed.ncbi.nlm.nih.gov/41156809/,10.3390/microorganisms13102350,Differential Patterns of Gut and Oral Microbiomes in Hispanic Individuals with Cognitive Impairment.,2025,United States,North America,16S,Microorganisms,"Alzheimer’s disease (AD), Dementia",No Difference,No,Streptococcus; Fusobacterium; Fretibacterium; Dialister; Mycoplasma (oral data); Bacteroides; Escherichia-Shigella (gut data),Neisseria (oral data); Ruminococcus; Shuttleworthia; Holdemania; Subdoligranulum; UGC-005; Eubacterium brachy (gut data),Linear (e.g. MaAsLin),Main Text,,Marc W. Van Goethem,Oral and gut data,,,,,,,,,
KennaChua2021,https://pubmed.ncbi.nlm.nih.gov/34776854/,10.3389/fnins.2021.756951,Changes in the Gut Microbiome and Predicted Functional Metabolic Effects in an Australian Parkinson's Disease Cohort.,2021,Australia,Oceania,16S,Frontiers in neuroscience,Parkinson’s disease (PD),Decrease,No,Synergistetes (q<0.001); Proteobacteria (q=0.034),Lachnospiraceae (q=0.011); Roseburia (q<0.001); Kineothrix (q=0.105); Agathobaculum (q = 0.121); Colidextribacter (q=0.105); Intestinibacter (q=0.121),Other,Main Text,,Marc W. Van Goethem,Used Wilcoxon rank-sum tests for differential abundance,,,,,,,,,
PeiLu2023,https://pubmed.ncbi.nlm.nih.gov/37350810/,10.3389/fnagi.2023.1174599,Gut microbiota and intestinal barrier function in subjects with cognitive impairments: a cross-sectional study.,2023,China,Asia,16S,Frontiers in aging neuroscience,Alzheimer’s disease (AD),No Difference,Differing B/w Subgroups,Catenibacterium (p=0.039); Family XIII AD3011 (p=0.011); Vagococcus (p=0.032) (in AD); Alistipes; Bacteroides; Roseburia; Tyzzerella 4 (in MCI),Dorea (p<0.01); Streptococcus (p=0.015),Other,Main Text,,Marc W. Van Goethem,,,,,,,,,,
LubomskiXu2022,https://pubmed.ncbi.nlm.nih.gov/35645785/,10.3389/fnagi.2022.881872,Nutritional Intake and Gut Microbiome Composition Predict Parkinson's Disease.,2022,Australia,Oceania,16S,Frontiers in aging neuroscience,Parkinson’s disease (PD),No Difference,Yes,Bifidobacterium; Butyricimonas; Candidatus Soleaferre; Faecalibacterium sp. UBA1819; Flavonifractor; Ruminococcus gnavus,Agathobacter; Butyricicoccus; Erysipelotrichaceae UCG-003; Eubacterium xylanophilum; Fusicatenibacter; Lachnospiraceae ND3007 group; Ruminococcus gauvreauii; Firmacutes bacterium CAG:56,Other,Main Text,,Marc W. Van Goethem,Used ANOVA-like differential expression (ALDEx2),,,,,,,,,
KozhakhmetovKaiyrlykyzy2024,https://pubmed.ncbi.nlm.nih.gov/39346576/,10.1155/2024/9741811,Inflammatory Manifestations Associated With Gut Dysbiosis in Alzheimer's Disease.,2024,Kazakhstan,Asia,16S,International journal of Alzheimer's disease,Alzheimer’s disease (AD),No Difference,Yes,Phyllobacterium; Lactobacillus salivarius; Bacteroidia; Coriobacteriia; Erysipelotrichia; Gemmatimonadetes; Verrucomicrobiae; Cloacibacillus; Clostridia,"Rhodospirillales; Bacteroides, Bifidobacterium breve; Monoglobus","LEfSe (LDA), DESeq",Main Text,,Marc W. Van Goethem,,,,,,,,,,
MateoCarrión2024,https://pubmed.ncbi.nlm.nih.gov/39458354/,10.3390/microorganisms12102046,Gut Microbiota Alterations in Alzheimer's Disease: Relation with Cognitive Impairment and Mediterranean Lifestyle,2024,Spain,Europe,Shotgun,Microorganisms,Alzheimer’s disease (AD),Decrease,No,None,None,Linear (e.g. MaAsLin),Main Text,,Ariana J. Hampton,"2 taxa had an increase (not significant) in the text but no significant differences were found across any of the other taxonomic ranks. Tables only compare AD patienst in subgroups (diet 1 vs diet 2 or clinical behavior vs other clinical behavior vs other). Sup files do not have anything listed either. Only beta div coefficients are between sub groups

",,,,,,,,,
YuQiu2021,https://pmc.ncbi.nlm.nih.gov/articles/PMC8806552/,10.1080/21655979.2021.1955543,Profile of gut microbiota in patients with traumatic thoracic spinal cord injury and its clinical implications: a case-control study in a rehabilitation setting,2021,China,Asia,16S,Bioengineered,Spinal cord injury (SCI),Decrease,Yes,"Complete thoracic SCI (CTSCI): Actinobacteria, Synergistetes","Incomplete thoracic SCI (ITSCI): Bacteroidetes, Cyanobacteria, Proteobacteria",LEfSe (LDA),Main Text,,Ariana J. Hampton,"Beta separation is not calculated as all subgroups vs control but rather for each individual subgroup vs control. However, each individual subgroup is significantly different from control. Checked w/ Emily and confirmed that I can still list this as a yes for beta div. ",,,,,,,,,
BrennerStamper2020,https://journals.lww.com/headtraumarehab/abstract/2020/09000/microbial_diversity_and_community_structures_among.6.aspx,10.1097/HTR.0000000000000615,Microbial Diversity and Community Structures Among Those With Moderate to Severe TBI: A United States-Veteran Microbiome Project Study,2020,United States,North America,16S,Journal of Head Trauma Rehabilitation,Traumatic Brain Injury (TBI),No Difference,No,None,None,ANCOM,Main Text,gradient/subtypes,Ariana J. Hampton,There were no significant differences in gut bacterial αand β-diversity associated with moderate/severe TBI status. No differentially abundant taxa were identified when comparing samples from moderate/severe TBI to those with no TBI or no TBI/mild TBI.,,,,,,,,,
ZhangZhang2018,https://pmc.ncbi.nlm.nih.gov/articles/PMC6293533/,10.1186/s12967-018-1735-9,Gut microbiota dysbiosis in male patients with chronic traumatic complete spinal cord injury,2018,China,Asia,16S,Journal of Translational Medicine,Spinal cord injury (SCI),Decrease,Yes,"Bacteroides, Blautia, Lachnoclostridium, Escherichia-Shigella, Veillonellaceae, Prevotellaceae","Megamonas, Prevotella_9, [Eubacterium]_rectale_group, Dialister, Subdoligranulum, Bacteroidaceae, Bacteroides","LEfSe (LDA), Other",Main Text,,Ariana J. Hampton,Specifically on chronic traumatic complete SCI - both quadriplegia and paraplegia patients enrolled,,,,,,,,,
ZhangJing2019,https://pmc.ncbi.nlm.nih.gov/articles/PMC6731442/,PMID/31497202,Dysbiosis of gut microbiota is associated with serum lipid profiles in male patients with chronic traumatic cervical spinal cord injury,2019,China,Asia,16S,American Journal of Translational Research,Spinal cord injury (SCI),Decrease,Yes,"Proteobacteria, Verrucomicrobia, Bacteroides, Blautia, Escherichia-Shigella, Lactobacillus, and Akkermansia","Firmicutes, Faecalibacterium, Megamonas, Prevotella_9, [Eubacterium]_rectale_group, Dialister, and Subdoligranulum",LEfSe (LDA),Main Text,,Ariana J. Hampton,Specifically traumatic cervical spinal cord injury (TCSCI).   | no doi associated with it through PubMed or Google Scholar - could not find online version from the publisher either,,,,,,,,,
BazzocchiTurroni2021,https://pmc.ncbi.nlm.nih.gov/articles/PMC8211659/,10.1038/s41598-021-92027-z,Changes in gut microbiota in the acute phase after spinal cord injury correlate with severity of the lesion,2021,Italy,Europe,16S,Scientific Reports,Spinal cord injury (SCI),No Difference,Yes,"Coriobacteriaceae, Enterococcaceae, Lactobacillaceae, Streptococcaceae, Methanobacteriaceae, Enterobacteriaceae, Verrucomicrobiaceae","Prevotellaceae, Clostridiaceae, Ruminococcaceae",Other,Main Text,,Ariana J. Hampton,,,,,,,,,,
PangWang2022,https://pmc.ncbi.nlm.nih.gov/articles/PMC9549169/,10.3389/fmicb.2022.986480,Relationship between gut microbiota and lymphocyte subsets in Chinese Han patients with spinal cord injury,2022,China,Asia,16S,Frontiers in Microbiology,Spinal cord injury (SCI),Increase,Yes,"Synergistetes, Actinomycota, Tannerellaceae, Ruminococcaceae, Synergistaceae, Lactobacillaceae, Escherichia-Shigella, LachnospiraceaeUCG-008, Alistipes, Parabacteroides, [Ruminococcus] torques group, Ruminococcaceae NK4A214 group, Ruminococcaceae UCG-005, Ruminococcus 2, Ruminococcus 1, Christensenellaceae R-7 group, Cloacibacillus, Lactobacillus, [Eubacterium] ruminantium group, Dialister, Ruminiclostridium 9, Ruminococcaceae UGG-013, UBA1819, Ruminiclostridium 6, Ruminiclostridium 5","Fusobacteria, Fusobacteriaceae, Tannerellaceae, Fusobacterium",LEfSe (LDA),Main Text,,Ariana J. Hampton,,,,,,,,,,
JoKang2022,https://pmc.ncbi.nlm.nih.gov/articles/PMC9262988/,10.1038/s41531-022-00351-6,Oral and gut dysbiosis leads to functional alterations in Parkinson's disease.,2022,South Korea,Asia,Shotgun,NPJ Parkinson's disease,Parkinson’s disease (PD),No Difference,Yes,"Proteobacteria, Lactobacillus",Bacteroidetes,LEfSe (LDA),Main Text,,Ariana J. Hampton,,,,,,,,,,
KongZhang2023,https://pmc.ncbi.nlm.nih.gov/articles/PMC9940348/,10.1186/s13041-023-01014-0,The gut microbiota and metabolite profiles are altered in patients with spinal cord injury,2023,China,Asia,16S,Molecular Brain,Spinal cord injury (SCI),Not Reported,Yes,"Synergistota, UBA1819, Eggerthella, Firmicutes, Proteobacteria, Actinobacteriota, Bacteroidota","Blautia, Faecalibacterium, Escherichia–Shigella, Agathobacter, Collinsella, Dorea, Roseburia, Lachnospiraceae_ NK4A136_group, Fusicatenibacter, Holdemanella, Ruminococcus, UCG-002, Clostridia_UCG-014, Firmicutes, Proteobacteria, Actinobacteriota, Bacteroidota",LEfSe (LDA),Main Text,,Ariana J. Hampton,Main text lists taxa - for some had to check p values from figures,,,,,,,,,
LinXu2020,https://pmc.ncbi.nlm.nih.gov/articles/PMC7402510/,10.1371/journal.pone.0236470,Alterations in the fecal microbiota of patients with spinal cord injury,2020,China,Asia,16S,PLOS One,Spinal cord injury (SCI),No Difference,Yes,"Parabacteroides, Alistipes, Phascolarctobacterium, Christensenella, Barnesiella, Holdemania, Eggerthella, Intestinimonas, Gordonibacter, Bilophila, Flavonifractor, Coprobacillus","Haemophilus, Clostrdium sensu stricto 1, Veillonella, Dialister, Roseburia, Megamonus, Leuconostoc, Lachnospira, Megasphaera, Rhodococcus, Ruminococcus, Subdoligranulum, pesudobeautyrivibrio, Faecalibacterium ",LEfSe (LDA),Main Text,,Ariana J. Hampton,,,,,,,,,,
UrbanPyles2020,https://journals.sagepub.com/doi/10.1089/neu.2019.6688?url_ver=Z39.88-2003&rfr_id=ori:rid:crossref.org&rfr_dat=cr_pub%20%200pubmed,10.1089/neu.2019.6688,Altered Fecal Microbiome Years after Traumatic Brain Injury,2020,United States,North America,Both,JOURNAL OF NEUROTRAUMA,Traumatic Brain Injury (TBI),Increase,Yes,"Firmicutes, Actinobacteria, Verrucomicrobia, Ruminococcaceae","Bacteroidetes, Prevotellaceae, Prevotella, Prevotella
stercorea, ",Other,Main Text,,Ariana J. Hampton,"CHECK - Shannon diversity (SDI) was significantly higher in TBI, but Observed OTUs was not sign. Assuming we are keeping since SDI measures richness and evenness (OTU is just richness) | Note - UniFrac was used for beta div and had to read a fig to find the result",,,,,,,,,
JingYang2023,https://pmc.ncbi.nlm.nih.gov/articles/PMC10719379/,10.1038/s41522-023-00466-5,Spinal cord injury-induced gut dysbiosis influences neurological recovery partly through short-chain fatty acids,2023,China,Asia,16S,NPJ BIOFILMS AND MICROBIOMES,Spinal cord injury (SCI),No Difference,Yes,"Enterococcus, Klebsiella","Faecalibacterium, Megamonas, Agathobacter",LEfSe (LDA),Main Text,,Ariana J. Hampton,Main text indicated significance for depletion/enrichment - double checked with the supp it referenced,,,,,,,,,
ChenShi2024,https://doi.org/10.3389/fnagi.2024.1478557,10.3389/fnagi.2024.1478557,Gut microbiota dysbiosis in patients with Alzheimer’s disease and correlation with multiple cognitive domains,2024,China,Asia,16S,Frontiers in Aging Neuroscience,Alzheimer’s disease (AD),No Difference,Yes,"Bacillus (mAD>HC; LEfSe LDA>2, p<0.05); Leuconostoc (mAD>HC; LEfSe LDA>2, p<0.05); Sellimonas (sAD>HC; LEfSe LDA>2, p<0.05).","Agathobacter (LEfSe LDA>2, p<0.05); Phascolarctobacterium (LEfSe LDA>2, p<0.05); Butyricicoccus (LEfSe LDA>2, p<0.05); Fusobacterium (LEfSe LDA>2, p<0.05); Haemophilus (LEfSe LDA>2, p<0.05); Lachnospiraceae_UCG-001 (LEfSe LDA>2, p<0.05); Parasutterella (LEfSe LDA>2, p<0.05); Lachnospiraceae_ND3007_group (LEfSe LDA>2, p<0.05); Lachnospira (LEfSe LDA>2, p<0.05); Lachnospiraceae_UCG-004 (LEfSe LDA>2, p<0.05)",,Main Text,gradient/subtypes,Fnu Babita,,,,,,,,,,
LeeKim2023,https://pmc.ncbi.nlm.nih.gov/articles/PMC10652389/,10.3389/fnagi.2023.1266955,Effects of the multidomain intervention with nutritional supplements on cognition and gut microbiome in early symptomatic Alzheimer's disease: a randomized controlled trial,2023,South Korea,Asia,16S,Frontiers in Aging Neuroscience,"Alzheimer’s disease (AD), Dementia",No Difference,Yes,Faecalibacterium,None,LEfSe (LDA),Main Text,intervention,Ariana J. Hampton,"CHECK - beta diversity after intervention was significantly different among three subgroups (diff btwn subgroups) BUT group A and the control group were sign diff for beta diversity (YES if you want to capture that one group - diff btwn subgroups if wanting to look at all 3 because the combo is a NO for beta div) | Paper spreads how it talks about significance a bit around from section to section, so I made sure to double check if each taxa was signficant throughout the paper/supps (if referenced in main text)",,,,,,,,,
LiuCheng2025,https://pmc.ncbi.nlm.nih.gov/articles/PMC12380817/,10.3389/fnins.2025.1623165,Altered gut microbial networks and metabolic pathways in multiple system atrophy: a comparative 16S rRNA study,2025,Taiwan,Asia,16S,Frontiers in Neuroscience,"Multiple system atrophy (MSA), Parkinson’s disease (PD)",No Difference,Yes,Intestinibacter,"Fusicatenibacter, Butyricicoccus, Butyricicoccus, Phascolarctobacterium","ANCOM, Linear (e.g. MaAsLin)",Main Text,,Ariana J. Hampton,"CHECK - beta diversity was sign in MSA vs control but NOT in PD vs control. A MSA/PD vs control beta div was not calculated. So ... YES if wanting to capture one disease vs control while ignoring the second distinct disease, NO if wanting it to be in both | NOTE/CHECK - First 2 depletions are for MSA, third is for PD - ""Fusicatenibacter consistently exhibited a significantly lower abundance in MSA than in HC across all four algorithms using both DADA2-denoising and OTU-clustering. Furthermore, Butyricicoccus was significantly less abundant in MSA than in HC when ANCOM-BC was used. On the other hand, a significant decrease in Butyricicoccus abundance was observed in PD compared with HC "". Same thing for the next 2 I added (MSA not PD) -""Butyricicoccus as being less abundant and Intestinibacter as being more abundant in MSA""",,,,,,,,,
HaakWestendorp2020,https://pmc.ncbi.nlm.nih.gov/articles/PMC8213601/,10.1007/s12975-020-00863-4,Disruptions of Anaerobic Gut Bacteria Are Associated with Stroke and Post-stroke Infection: a Prospective Case-Control Study,2020,Netherlands,Europe,16S,Translational Stroke Research,"Stroke, Cerebral Hemorrhage (CH)",Decrease,Yes,"Enterococcus, Escherichia/Shigella","Anaerostipes, Ruminococcus, Subdoligranulum",DESeq,Main Text,,Ariana J. Hampton,,,,,,,,,,
PylesMiller2024,https://pmc.ncbi.nlm.nih.gov/articles/PMC10965628/,10.3389/fnmol.2024.1341808,The altered TBI fecal microbiome is stable and functionally distinct,2024,United States,North America,Other,Frontiers in Molecular Neuroscience,Traumatic Brain Injury (TBI),Not Reported,Not reported,"Ralstonia pickettii, B. uniformis, Dialister, Odoribacter, Sutterella","L. fermentum, Parabacteroides goldsteinii, Blautia, Collinsella,  F. prausnitzii, Lachnoclostridium, P. merdae",Other,Main Text,,Ariana J. Hampton,"DId NGS (double checked w/ SRA to see if they only did transcriptomics, and that is the case - listed RNA Seq on cDNA) ",,,,,,,,,
LvZhan2024,https://pmc.ncbi.nlm.nih.gov/articles/PMC11532950/,10.1016/j.isci.2024.111116,Gut commensal Agathobacter rectalis alleviates microglia-mediated neuroinflammation against pathogenesis of Alzheimer disease.,2024,China,Asia,16S,iScience,Alzheimer’s disease (AD),No Difference,No,"unclassified_c_Bacilli, Bacillus, norank_f_Erysipelotrichaceae, Christensenea","Agathobacter, Monoglobus, Dorea, Fusobacterium, Butyricicoccus, Lachnospira, Rothia",LEfSe (LDA),Main Text,,Ariana J. Hampton,,,,,,,,,,
MaoZhang2021,https://pmc.ncbi.nlm.nih.gov/articles/PMC8506127/,10.3389/fmicb.2021.728479,Cross-Sectional Study on the Gut Microbiome of Parkinson's Disease Patients in Central China.,2021,China,Asia,Shotgun,Frontiers in microbiology,Parkinson’s disease (PD),Increase,Yes,"Actinobacteria, Synergistetes, Bifidobacteriales, Bifidobacteriaceae, Scardovia, Deltaproteobacteria, Desulfovibrionales, Desulfovibrionaceae, Desulfovibrio, Bilophila","Bacteroidaceae, Bacteroides",LEfSe (LDA),Main Text,,Ariana J. Hampton,,,,,,,,,,
LiSun2022,https://pmc.ncbi.nlm.nih.gov/articles/PMC9632779/,10.1371/journal.pone.0276598,Uncovering the characteristics of the gut microbiota in patients with acute ischemic stroke and phlegm-heat syndrome,2022,China,Asia,16S,PLOS ONE,Stroke,Increase,Yes,"Escherichia_Shigella, Akkermansia, Bifidobacterium, Ruminococcaceae_UCG_014, Ruminococcaceae_UCG_002, Christensenellaceae_R-7_group, Megasphaera, Escherichia_Shigella","Prevotella_9, Agathobacter, Faecalibacterium",LEfSe (LDA),Main Text,gradient/subtypes;confounding disease,Ariana J. Hampton,,,,,,,,,,
ZhaoWang2022,https://pmc.ncbi.nlm.nih.gov/articles/PMC9548195/,10.1186/s12967-022-03669-0,Pivotal interplays between fecal metabolome and gut microbiome reveal functional signatures in cerebral ischemic stroke,2022,China,Asia,Shotgun,Journal of Translational Medicine,Stroke,Increase,No,"Oscillibacter, Clostridium, Odoribacter, Akkermansia, Ruminococcus",None,LEfSe (LDA),Main Text,,Ariana J. Hampton,"There are depletions mentioned in tables, just not in the main text",,,,,,,,,
GongLiu2020,https://pubmed.ncbi.nlm.nih.gov/33042045/,10.3389/fmicb.2020.517797,Alteration of Gut Microbiota in Patients With Epilepsy and the Potential Index as a Biomarker,2020,China,Asia,16S,FRONTIERS IN MICROBIOLOGY,Epilepsy,Decrease,Yes,"Actinobacteria, Verrucomicrobia, Fusobacteria, Nitrospirae, Prevotella_9, Blautia, Bifidobacterium, Ruminococcaceae_UCG_014, Ruminococcus_gnavus_group, Megamonas, Akkermansia, Eubacterium_hallii_group, Romboutsia","Proteobacteria, Firmicutes, Saccharibacteria, Sutterella, Klebsiella, Lachnospiraceae_NK4A136_group, Escherichia_Shigella, Lachnoclostridium",LEfSe (LDA),Main Text,,Ahmed A. Shibl,The study included a comparison between drug-resistant epilepsy (DRE) and drug-sensitive epilepsy (DSE) where some taxa were specifically enriched or depleted in one of them.,,,,,,,,,
XiaYou2019,https://www.frontiersin.org/articles/10.3389/fneur.2019.00397/full,10.3389/fneur.2019.00397,Stroke Dysbiosis Index (SDI) in Gut Microbiome Are Associated With Brain Injury and Prognosis of Stroke,2019,China,Asia,16S,Frontiers in Neurology,Stroke,Not Reported,Yes,"Parabacteroides (q<0.1, LDA>2); Oscillospira (q<0.1, LDA>2); Enterobacteriaceae_uncl. (q<0.1, LDA>2); Bacteroides (q<0.1, LDA>2); Bacteroidaceae_uncl. (q<0.1, LDA>2)","Prevotella (q<0.1, LDA>2); Roseburia (q<0.1, LDA>2); Faecalibacterium (q<0.1, LDA>2); Clostridiaceae_uncl. (q<0.1, LDA>2); Lachnospira (q<0.1, LDA>2)a",,Main Text,,Fnu Babita,,,,,,,,,,
StagamanKmiecik2024,https://pubmed.ncbi.nlm.nih.gov/39443634/,10.1038/s43856-024-00630-8,Oral and gut microbiome profiles in people with early idiopathic Parkinson's disease.,2024,United States,North America,Shotgun,Communications medicine,Parkinson’s disease (PD),Increase,Yes,"Burkholderiales (order), Ruminococcaceae (family), Bifidobacterium dentium, Streptococcus vestibularis, Anaerostipes hadrus, Streptococcus mutans, Actinomyces, Akkermansia","Parabacteroides distasonis, Ruminococcus gnavus, Streptococcus australis, Streptococcus pseudopneumoniae, Actinomyces, Neisseria, Prevotella loescheii, Fusobacterium, Roseburia","Other, ANCOM",Main Text,,Ahmed A. Shibl,,,,,,,,,,
TanWu2021,https://pubmed.ncbi.nlm.nih.gov/32473086/,10.1002/jpen.1861,Dysbiosis of Gut Microbiota and Short-Chain Fatty Acids in Acute Ischemic Stroke and the Subsequent Risk for Poor Functional Outcomes,2021,China,Asia,16S,JOURNAL OF PARENTERAL AND ENTERAL NUTRITION,Stroke,Not Reported,Yes,"Lactobacillaceae, Enterobacteriaceae, Porphyromonadaceae, Akkermansia","Roseburia, Bacteroides, Lachnospiraceae, Faecalibacterium, Blautia, Anaerostipes",LEfSe (LDA),Main Text,,Ahmed A. Shibl,,,,,,,,,,
AhoKlee2024,https://pubmed.ncbi.nlm.nih.gov/38582855/,10.1038/s41531-024-00687-1,Gut microbiome is not associated with mild cognitive impairment in Parkinson's disease.,2024,Luxembourg,Europe,16S,NPJ Parkinson's disease,Parkinson’s disease (PD),No Difference,Yes,"Enterobacteriaceae, Hungatella, DTU089 (family Ruminococcaceae)","Lachnospiraceae, Clostridiaceae, Butyricicoccaceae","DESeq, ANCOM, Other",Main Text,,Ahmed A. Shibl,,,,,,,,,,
OttavianoMarsiglia2025,https://pubmed.ncbi.nlm.nih.gov/41341265/,10.3389/fnins.2025.1655456,"Gut microbiota signatures in tuberous sclerosis complex and epilepsy: a pilot study
",2025,Italy,Europe,16S,FRONTIERS IN NEUROSCIENCE,"Epilepsy, Other",No Difference,No,TSC: Akkermansia; EPI: Faecousia,"TSC: Firmicutes (Ruminococcaceae family), Gemmiger ;Epilepsy: Firmicutes (Ruminococcaceae family), Gemmiger, Blautia_A",Other,Main Text,,Ahmed A. Shibl,,,,,,,,,,
PengQiu2018,https://pubmed.ncbi.nlm.nih.gov/30291996/,10.1016/j.eplepsyres.2018.09.013,Altered composition of the gut microbiome in patients with drug-resistant epilepsy,2018,China,Asia,16S,EPILEPSY RESEARCH,Epilepsy,Increase,Yes,"DS: Bacteroides, Barnesiell ;DR: Verrucomicrobia, Clostridium XVIII, Atopobium, Holdemania, Dorea, Saccharibacteria, Delftia, Coprobacillus, Paraprevotella, Ruminococcus, Gemmiger, Akkermansia, Neisseria, Coprococcus, Fusobacterium, Methanobrevibacter, Phascolarctobacterium, Roseburia",None reported,LEfSe (LDA),Main Text,gradient/subtypes,Ahmed A. Shibl,Firmicutes significantly enriched in patients with drug-resistant epilepsy compared with patients with drug-sensitive epilepsy and the healthy controls.,,,,,,,,,
WangLi2022,https://pubmed.ncbi.nlm.nih.gov/36437994/,10.3389/fnagi.2022.972982,The relationship between Alzheimer's disease and intestinal microflora structure and inflammatory factors.,2022,China,Asia,16S,Frontiers in aging neuroscience,"Alzheimer’s disease (AD), Dementia",Decrease,Not reported,"Bacteroidetes, Proteobacteria (E. coli), Enterococcus","Firmicutes (Ruminococcus, Lactobacillus), Bifidobacterium",Other,Main Text,,Ahmed A. Shibl,,,,,,,,,,
BaoSun2024,https://doi.org/10.1177/15459683241252608,10.1177/15459683241252608,Relationship Between the Gut Microbiota and Neurological Deficits in Patients With Cerebral Ischemic Stroke,2024,China,Asia,16S,Neurorehabilitation and Neural Repair,Stroke,Decrease,Yes,,,,Main Text,gradient/subtypes,Fnu Babita,,,,,,,,,,
TianXia2022,https://pubmed.ncbi.nlm.nih.gov/35274319/,10.1002/jpen.2370,Effect of enteral nutrition on the intestinal microbiome and risk of death in ischemic stroke patients,2022,China,Asia,16S,JOURNAL OF PARENTERAL AND ENTERAL NUTRITION,Stroke,Decrease,Yes,"EN: Enterococcus ; ON: Lachnospiraceae, Clostridiaceae","EN: Lachnospiraceae, Ruminococcus ;Both: Akkermansia, Faecalibacterium",LEfSe (LDA),Main Text,intervention;gradient/subtypes,Ahmed A. Shibl,"The authors report: Akkermansia, Blautia, Faecalibacterium, Dialister,
Lachnospira, Prevotella, and Roseburia abundances were significantly
lower in the EN group than in the HC group, with those in the ON
group halfway between the two. Faecalibacterium, Lachnospira, and
Roseburia abundances were significantly different among all the
groups.",,,,,,,,,
SafakAltunan2020,https://pubmed.ncbi.nlm.nih.gov/31730997/,10.1016/j.micpath.2019.103853,The gut microbiome in epilepsy,2020,Turkey,Europe,16S,MICROBIAL PATHOGENESIS,Epilepsy,Not Reported,Yes,"Campylobacter, Delftia, Haemophilus, Lautropia, Neisseria, Leptotrichia, Fusobacterium","Blautia, Coprococcus, Faecalibacterium, Ruminococcus, Bacteroides, Parabacteroides, Bifidobacterium, Collinsella",Other,Main Text,,Ahmed A. Shibl,,,,,,,,,,
WeiChen2023,https://pubmed.ncbi.nlm.nih.gov/37984550/,10.1002/brb3.3318,Identification of disordered profiles of gut microbiota and functional component in stroke and poststroke epilepsy,2023,China,Asia,16S,BRAIN AND BEHAVIOR,"Stroke, Epilepsy",Decrease,Yes,"Stroke: Enterococcus, ;Epilepsy: Escherichia Shigella, Clostridium innocuum-group","Stroke: Butyricicoccus, Anaerostipes  ;Epilepsy: Faecalibacterium, Anaerostipes",Other,Main Text,,Ahmed A. Shibl,NK4A214_group and Veillonella were identified as common optimal diagnostic biomarkers for both STR and PSE.,,,,,,,,,
CuiLiu2022,https://doi.org/10.3389/fmicb.2021.696632,10.3389/fmicb.2021.696632,Gut Microbiome Distinguishes Patients With Epilepsy From Healthy Individuals,2022,China,Asia,16S,Frontiers in Microbiology,Epilepsy,Decrease,Yes,"Proteobacteria (p<0.05); Actinobacteriota (p<0.05); Escherichia/Shigella (LDA>3, p<0.05); Enterobacteriaceae-unclassified (LDA>3, p<0.05); Halomonas (LDA>3, p<0.05); Bifidobacterium (LDA>3, p<0.05); Subdoligranulum (p<0.05); Faecalibacterium (p<0.05)","Bacteroidota (p<0.05); Bacteroides (LDA>3, p<0.05); Megamonas (p<0.05); Prevotella (p<0.05); Lachnospiraceae-unclassified (LDA>3, p<0.05); Blautia (LDA>3, p<0.05); Lachnospira (LDA>3, p<0.05); Parabacteroides (p<0.05); Collinsella (p<0.05).",,Main Text,,Fnu Babita,,,,,,,,,,
ZhangWang2023,https://pubmed.ncbi.nlm.nih.gov/37197229/,10.1155/2023/6297653,Imbalance of Microbacterial Diversity Is Associated with Functional Prognosis of Stroke,2023,China,Asia,16S,NEURAL PLASTICITY,Stroke,Decrease,Yes,"Akkermansiaceae (Akkermansia), Fusobacteriota (Fusobacteria), Desulfobacterota (Desulfovibrio), Ruminococcaceae, Oscillospirales",Acidobacteriota,"LEfSe (LDA), Other",Main Text,,Ahmed A. Shibl,,,,,,,,,,
XuWang2021,https://pubmed.ncbi.nlm.nih.gov/34666915/,10.1016/j.numecd.2021.08.045,Compositional and functional alterations of gut microbiota in patients with stroke,2021,China,Asia,16S,NUTRITION METABOLISM AND CARDIOVASCULAR DISEASES,Stroke,Increase,Yes,"Parabacteroides, Klebsiella, Lactobacillus, Anaerotruncus, Mogibacterium, Fastidiosipila, Alloprevotella, Collinsella, Desulfovibrio, Enterococcus, Eubacterium, Bifidobacterium, Hungatella, Olsenella, Bilophila, Coprobacillus, Holdemania, Actinomyces, Hydrogenoanaerobacterium, Atopobium, Abiotrophia, Neisseria, Gelria, Faecalicoccus","Bacteroides, Prevotella",LEfSe (LDA),Main Text,,Ahmed A. Shibl,,,,,,,,,,
JiangLi2023,https://pubmed.ncbi.nlm.nih.gov/37083652/,PMID/37083652,Ischemic Stroke and Dysbiosis of Gut Microbiota: Changes to LPS Levels and Effects on Functional Outcomes,2023,China,Asia,Other,ALTERNATIVE THERAPIES IN HEALTH AND MEDICINE,Stroke,Decrease,Yes,"Escherichia coli, Shigella, Bacteroides. Severe stroke: Actinobacteria, Tannerellaceae, Parabacteroides, Escherichia, Bifidobacteriales. Mid-moderate stroke: Veillonellaceae, Ruminococcus, Agathobacter","Prevotella, Lachnospirales, Lachnospira, Ruminococcaceae, Faecalibacterium, Roseburia. Severe stroke: Spirochaetes, Faecalibacterium, Prevotella, Roseburia, Lachnospira",LEfSe (LDA),Main Text,,Ahmed A. Shibl,further categorized by stroke severity (Mild-Moderate vs. Severe) and poor outcome vs. good outcome.,,,,,,,,,
ZhengChen2022,https://pubmed.ncbi.nlm.nih.gov/35603160/,10.3389/fimmu.2022.836820,Gut Dysbiosis Is Associated With the Severity of Cryptogenic Stroke and Enhanced Systemic Inflammatory Response,2022,China,Asia,16S,FRONTIERS IN IMMUNOLOGY,Stroke,Increase,Yes,"Genus: Escherichia–Shigella, Streptococcus, Lactobacillus, Klebsiella, Bacteroides ; Family: Enterobacteriaceae, Streptococcaceae, Lactobacillaceae","Genus: Faecalibacterium, Dialister, Roseburia, Bifidobacterium; Family: Veillonellaceae, Ruminococcaceae, Bifidobacteriaceae",LEfSe (LDA),Main Text,,Ahmed A. Shibl,main text and figure 3,,,,,,,,,
GrochowskaLaskus2022,https://pubmed.ncbi.nlm.nih.gov/35877424/,10.3390/cimb44070200,Patients with Infections of The Central Nervous System Have Lowered Gut Microbiota Alpha Diversity,2022,Poland,Europe,16S,CURRENT ISSUES IN MOLECULAR BIOLOGY,Other,Decrease,No,none,"Clostridium, Anaerostipes, Lachnobacterium, Lachnospira, Roseburia, Coriobacteriales",Other,Main Text,,Ahmed A. Shibl,Nonparametric t-test,,,,,,,,,
XuKan2018,https://pubmed.ncbi.nlm.nih.gov/30353470/,10.1007/s12275-018-8327-5,Astragaloside IV reversed the autophagy and oxidative stress induced by the intestinal microbiota of AIS in mice,2018,China,Asia,16S,JOURNAL OF MICROBIOLOGY,Stroke,Not Reported,Differing B/w Subgroups,"Both: Clostridium ;Significant in AIS but not TIA: Bifidobacterium, Megamonas, Holdemanella","Escherichia-Shigella, Blautia",Other,Main Text,,Ahmed A. Shibl,Low similarity between AIS and HC; High similarity between TIA and HC - Extracted signifcant taxa from Table 2,,,,,,,,,
MatsuuraInoue2019,https://pubmed.ncbi.nlm.nih.gov/31777426/,10.3164/jcbn.19-22,Analysis of gut microbiota in patients with cerebral autosomal dominant arteriopathy with subcortical infarcts and leukoencephalopathy (CADASIL),2019,Japan,Asia,16S,JOURNAL OF CLINICAL BIOCHEMISTRY AND NUTRITION,Stroke,No Difference,No,"Lachnospira, Odoribacter, Parvimonas, Barnesiellaceae (unclassified genus), Lachnospiraceae (unclassified genus), SHA-98 (unclassified genus)","Megasphaera, Acidaminococcus ;Depleted in those with stroke history: Phascolarctobacterium, Paraprevotella",Other,Main Text,,Ahmed A. Shibl,alpha-diversity: Wilcoxon rank sum test ;beta-diversity:PERMANOVA,,,,,,,,,
YuwattanaSuparan2025,https://pubmed.ncbi.nlm.nih.gov/39626831/,10.1016/j.brainres.2024.149367,Altered gut microbiome profiles in epileptic children are associated with spectrum of anti-seizure medication responsiveness,2025,Thailand,Asia,16S,BRAIN RESEARCH,Epilepsy,Differing B/w Subgroups,Differing B/w Subgroups,"General vs control: CAG-56 (genus) ;DSE vs control: Fastidiosipila, Gardnerella, Megasphaera, Peptoclostridium, Prevotella, Saccharimonadales, Sneathia ;DRE vs control: Acinetobacter, Aminicenantales, Anaerofilum, DTU014, Enterobacter, Grimontia, Holdemanella, Lachnospiraceae_UCG-008, Lactococcus, Lactonifactor, Merdibacter, Oscillospira, Papillibacter, Pelotomaculum, Shuttleworthia, Tepidimicrobium, Thermovirga, Ureibacillus, Vagococcus","none ;DSE vs control: Methanobrevibacter, NK4A214_group ;DRE vs control: Acidaminococcus, Adlercreutzia, Allisonella, Alloprevotella, CHKCI002, Candidatus_Nitrosopumilus, Citrobacter, Clostridia_UCG-014, Gemella, Granulicatella, Intestinimonas, Lachnospiraceae_UCG-001, Methanobrevibacter, Mitsuokella, Muribaculaceae, Prevotellaceae_NK3B31_group, RF39, Ruminococcus, Solobacterium, Staphylococcus, UCG-09, Weissella, Eubacterium_ruminantium_group",Other,Main Text,,Ahmed A. Shibl,main text and figure 4 - Drug-Sensitive Epilepsy (DSE) vs. Control and Drug-Resistant Epilepsy (DRE) vs. Control reported,,,,,,,,,
WangLi2018,https://pubmed.ncbi.nlm.nih.gov/30313111/,10.1097/MD.0000000000012805,The characteristics analysis of intestinal microecology on cerebral infarction patients and its correlation with apolipoprotein E,2018,China,Asia,16S,MEDICINE,Stroke,Decrease,Yes,Gammaproteobacteria,Bacteroidia,Other,Main Text,,Ahmed A. Shibl,,,,,,,,,,
ShiQiu2020,https://pubmed.ncbi.nlm.nih.gov/31841737/,10.1016/j.jneuroim.2019.577126,Dysbiosis of gut microbiota in patients with neuromyelitis optica spectrum disorders: A cross sectional study,2020,China,Asia,16S,JOURNAL OF NEUROIMMUNOLOGY,Other,No Difference,Yes,"Flavonifractor, Streptococcus","Faecalibacterium, Lachnospiracea_incertae_sedis, Prevotella, Blautia, Roseburia, Romboutsia, Coprococcus, Fusicatenibacter",LEfSe (LDA),Main Text,,Ahmed A. Shibl,,,,,,,,,,
KimOh2025,https://pubmed.ncbi.nlm.nih.gov/40464915/,10.1007/s00702-025-02953-9,Blood microbiome signatures in the REM sleep behavior disorder-Lewy body disease continuum,2025,South Korea,Asia,16S,JOURNAL OF NEURAL TRANSMISSION,"Parkinson’s disease (PD), Dementia",Decrease,Yes,"Stenotrophomonas, Proteobacteria, Isoptericola, Cloacibacterium","Acetobacter, Enhydrobacter, Lactobacillus, Bacillus (iRBD only), Arcobacter (iRBD only), Limnobacter, Bradyrhizobium",Other,Main Text,gradient/subtypes;confounding disease,Khanh Nguyen ,,,,,,,,,,
ZhouJia2023,https://pubmed.ncbi.nlm.nih.gov/38004640/,10.3390/microorganisms11112628,Integrated Macrogenomics and Metabolomics Explore Alterations and Correlation between Gut Microbiota and Serum Metabolites in Adult Epileptic Patients: A Pilot Study,2023,China,Asia,16S,MICROORGANISMS,Epilepsy,Not Reported,Not reported,"Ruminococcus, Blautia, Dorea, Collinsella, Hafnia, Parabacteroides, Turicibacter, Streptococcus, Eubacterium, Prevotella, Fusicatenibacter, Romboutsia, Bifidobacterium, Enterococcus, Lactobacillus, Veillonella and Escherichia ","Dialister, Alistipes, Faecalibacterium, Phascolarctobacterium, Subdoligranulum, Megamonas, Enterobacter, Clostridium, Holdemanella, Roseburia, Kocuria, Bacteroides and Coprococcus",Other,Main Text,,Khanh Nguyen ,,,,,,,,,,
YuShi2024,https://pubmed.ncbi.nlm.nih.gov/39582952/,10.3389/fnagi.2024.1451968,Specific gut microbiome signatures predict the risk of acute ischemic stroke,2024,China,Asia,16S,FRONTIERS IN AGING NEUROSCIENCE,Stroke,Differing B/w Subgroups,Not reported,"Firmicutes, Proteobacteria, Bacteroidota, and Actinobacteriota. Notably, Proteobacteria, Lachnospiraceae, Enterobacteriaceae, Ruminococcaceae, Bacteroidaceae, Streptococcaceae, Lactobacillaceae, Bifidobacteriaceae, and Prevotellaceae ",Lachnospiraceae_UCG-004,LEfSe (LDA),Main Text,,Khanh Nguyen ,,,,,,,,,,
YaoLi2025,https://pmc.ncbi.nlm.nih.gov/articles/PMC12508004/,10.1007/s00203-025-04494-x,Multi-omics profiling reveals key microbial and metabolic variations in ischemic stroke: insights into gut and oral microbiota,2025,China,Asia,16S,ARCHIVES OF MICROBIOLOGY,Stroke,Increase,Yes,"Subdoligranulum, Streptococcus, and Limosilactobacillus were enriched in the FS group, Porphyromonas,  in the KS group compared to the KC group (P = 0.004, Q = 0.049).","Bacteroides (P < 0.001, Q < 0.001), Parabacteroides (P < 0.001, Q = 0.004), Roseburia (P < 0.001, Q = 0.007) and Holdemanella (P < 0.001, Q = 0.008) ",LEfSe (LDA),Main Text,,Fnu Babita,,,,,,,,,,
DongZheng2022,https://pmc.ncbi.nlm.nih.gov/articles/PMC8888681/,10.3389/fnins.2022.803538,Gut Microbial Characteristics of Adult Patients With Epilepsy,2022,China,Asia,16S,FRONTIERS IN NEUROSCIENCE,Epilepsy,No Difference,Yes," Fusobacterium sp. (r = 0.584, P < 0.01), Fusobacterium mortiferum (r = 0.560, P < 0.01), (Fusobacterium mortiferum, Prevotella stercorea, Bacteroides dorei, Prevotella sp. Marseille P2931, Megasphaera elsdenii, Bacteroides fragilis, Ruminococcus gnavus, Ruminococcus torques, Bacteroides eggerthii, and Clostridium sp. AT4)"," Ruminococcus gnavus (r = 0.541, P < 0.01), and Bacteroides fragilis (r = 0.506, P < 0.01) ; (Clostridium disporicum, Ruminococcus bicirculans, and Bacteroides coprocola )",LEfSe (LDA),Main Text,,Fnu Babita,,,,,,,,,,
YamashiroTanaka2017,https://pubmed.ncbi.nlm.nih.gov/28166278/,10.1371/journal.pone.0171521,Gut dysbiosis is associated with metabolism and systemic inflammation in patients with ischemic stroke,2017,Japan,Asia,16S,PLOS ONE,Stroke,No Difference,Yes,"Lactobacillus ruminis, Atopobium cluster",Lactobacillus sakei,Other,Main Text,,Fnu Babita,,,,,,,,,,
ParkLee2023,https://doi.org/10.3390/biomedicines11092352,10.3390/biomedicines11092352,Gut Dysbiosis: A New Avenue for Stroke Prevention and Therapeutics,2023,Republic of Korea,Asia,16S,BIOMEDICINES,Stroke,Decrease,Yes,"Prevotella, Fecalibacterium, Roseburia, Lachnospiraceae_NK4A136_group, Eubacterium, and Dialister ","Prevotella, Fecalibacterium, Roseburia, Lachnospiraceae_NK4A136_group, Eubacterium, and Dialister",LEfSe (LDA),Main Text,,Fnu Babita,,,,,,,,,,
ChenHuang2024,https://pmc.ncbi.nlm.nih.gov/articles/PMC11116394/,10.1038/s41598-024-62606-x,Uncovering the characteristics of the gut microbiota in patients with ischemic stroke and hemorrhagic stroke,2024,China,Asia,16S,SCIENTIFIC REPORTS,Stroke,Decrease,Yes,"Blautia, Clostridium, and Bifidobacterium",Enterococcus,LEfSe (LDA),Main Text,,Fnu Babita,,,,,,,,,,
ShaoZheng2025,https://pubmed.ncbi.nlm.nih.gov/40964666/,10.3389/fmicb.2025.1616222,The protective effect of Blautia coccoides in secondary injury of intracerebral hemorrhage,2025,China,Asia,16S,FRONTIERS IN MICROBIOLOGY,Stroke,Decrease,Yes,Enterococcus,"Blautia, Lachnospiraceae, Bacteroidaceae",Other,Main Text,,Fnu Babita,,,,,,,,,,
MarsigliaMarangelo2024,https://pubmed.ncbi.nlm.nih.gov/38257864/,10.3390/microorganisms12010037,Gut Microbiota Ecological and Functional Modulation in Post-Stroke Recovery Patients: An Italian Study,2024,Italy,Europe,16S,MICROORGANISMS,Stroke,No Difference,Yes,"Bacteroides, Christensellaceae, Alistipes and Akkermansia",indole and 3-methyl indole (skatole) producing taxa,LEfSe (LDA),Main Text,,Fnu Babita,"α-diversity is statistically significant for richness (Chao1), but not for overall diversity (Shannon, Simpson)",,,,,,,,,
LiWang2019,https://pmc.ncbi.nlm.nih.gov/articles/PMC6700817/,10.1186/s12866-019-1552-1,Change of intestinal microbiota in cerebral ischemic stroke patients,2019,China,Asia,16S,BMC MICROBIOLOGY,Stroke,No Difference,No," Odoribacter, Akkermansia, Ruminococcaceae_UCG_005, Victivallis",None,LEfSe (LDA),Main Text,,Fnu Babita,,,,,,,,,,
ChenWang2022,https://pmc.ncbi.nlm.nih.gov/articles/PMC9813413/,10.3389/fcimb.2022.999627,Multi-omics reveals specific host metabolism-microbiome associations in intracerebral hemorrhage,2022,China,Asia,16S,FRONTIERS IN CELLULAR AND INFECTION MICROBIOLOGY,Stroke,No Difference,Yes,"Akkermansia muciniphila, Escherichia coli, Ruthenibacterium lactatiformans, Lactobacillus, Bifidobacterium, Streptococcus","Faecalibacterium prausnitzii, Eubacterium rectale, Roseburia inulinivorans, Clostridium, Prevotella, Blautia",LEfSe (LDA),Main Text,,Fnu Babita,,,,,,,,,,
HeJiang2024,https://pmc.ncbi.nlm.nih.gov/articles/PMC11189444/,10.1038/s41598-024-64819-6,Identifying gut microbiota with high specificity for ischemic stroke with large vessel occlusion,2024,China,Asia,16S,SCIENTIFIC REPORTS,Stroke,No Difference,Yes,"Bifidobacterium, Butyricimonas, Bifidobacterium_longum","Blautia, Dorea",LEfSe (LDA),Main Text,,Fnu Babita,,,,,,,,,,
HasegawaGoto2015,https://pmc.ncbi.nlm.nih.gov/articles/PMC4634857/,10.1371/journal.pone.0142164,Intestinal Dysbiosis and Lowered Serum Lipopolysaccharide-Binding Protein in Parkinson's Disease,2015,Japan,Asia,16S,PLOS ONE,Parkinson’s disease (PD),Decrease,Yes,Lactobacillus,"Bacteroides, Prevotella",Other,Main Text,,Fnu Babita,,,,,,,,,,